,image,pred,actual,group,spurious,correct,caption
0,001.Black_footed_Albatross/Black_Footed_Albatross_0051_796103.jpg,1,1,3,1,1,biological species on the rocks.
1,001.Black_footed_Albatross/Black_Footed_Albatross_0047_796064.jpg,1,1,2,0,1,"biological species , a rare bird."
2,001.Black_footed_Albatross/Black_Footed_Albatross_0007_796138.jpg,1,1,3,1,1,a giant island in the middle of the ocean.
3,002.Laysan_Albatross/Laysan_Albatross_0050_870.jpg,1,1,3,1,1,biological species - i saw one of these in the park.
4,002.Laysan_Albatross/Laysan_Albatross_0081_800.jpg,1,1,2,0,1,biological species in the night.
5,002.Laysan_Albatross/Laysan_Albatross_0055_570.jpg,1,1,3,1,1,a pair of biological species.
6,002.Laysan_Albatross/Laysan_Albatross_0099_869.jpg,1,1,2,0,1,biological species in the sky.
7,002.Laysan_Albatross/Laysan_Albatross_0039_924.jpg,1,1,2,0,1,biological species in the wild.
8,002.Laysan_Albatross/Laysan_Albatross_0068_726.jpg,1,1,3,1,1,"person , a mute swan , is seen."
9,002.Laysan_Albatross/Laysan_Albatross_0051_1020.jpg,1,1,2,0,1,biological species in a tree.
10,003.Sooty_Albatross/Sooty_Albatross_0001_1071.jpg,1,1,3,1,1,biological species on the beach.
11,003.Sooty_Albatross/Sooty_Albatross_0016_1075.jpg,1,1,2,0,1,the wind is always with me.
12,003.Sooty_Albatross/Sooty_Albatross_0077_1080.jpg,0,1,2,0,0,biological species on the trail.
13,003.Sooty_Albatross/Sooty_Albatross_0034_1154.jpg,1,1,2,0,1,"biological genus is a genus of small , tropical flowers with a broad , pointed , pointed , and slightly rounded shaped , yellow - green , black , and white - orange coloration."
14,003.Sooty_Albatross/Sooty_Albatross_0055_1160.jpg,1,1,3,1,1,biological species in the water.
15,003.Sooty_Albatross/Sooty_Albatross_0068_796353.jpg,0,1,2,0,0,the bird of paradise - photo #.
16,003.Sooty_Albatross/Sooty_Albatross_0057_796354.jpg,0,1,2,0,0,biological species in the rainforest.
17,003.Sooty_Albatross/Sooty_Albatross_0058_796360.jpg,1,1,3,1,1,biological species in the sky.
18,003.Sooty_Albatross/Sooty_Albatross_0041_796364.jpg,1,1,3,1,1,a seagull flies over the ocean.
19,003.Sooty_Albatross/Sooty_Albatross_0079_796389.jpg,1,1,3,1,1,the bird of prey is a bird of prey.
20,003.Sooty_Albatross/Sooty_Albatross_0023_796401.jpg,1,1,3,1,1,biological species in the snow.
21,004.Groove_billed_Ani/Groove_Billed_Ani_0033_1494.jpg,0,0,0,0,1,a statue of a woman standing in a tree.
22,004.Groove_billed_Ani/Groove_Billed_Ani_0069_1546.jpg,0,0,0,0,1,the girl in the jungle.
23,004.Groove_billed_Ani/Groove_Billed_Ani_0085_1612.jpg,0,0,0,0,1,biological species in a bamboo.
24,004.Groove_billed_Ani/Groove_Billed_Ani_0018_1613.jpg,0,0,0,0,1,a parrot is seen during the show.
25,004.Groove_billed_Ani/Groove_Billed_Ani_0072_1696.jpg,0,0,0,0,1,person with a bird in her hair.
26,004.Groove_billed_Ani/Groove_Billed_Ani_0091_1728.jpg,0,0,0,0,1,a bird in the rainforest.
27,004.Groove_billed_Ani/Groove_Billed_Ani_0044_1731.jpg,0,0,0,0,1,"person , a bird of prey."
28,005.Crested_Auklet/Crested_Auklet_0018_1817.jpg,0,1,2,0,0,biological species in the garden.
29,005.Crested_Auklet/Crested_Auklet_0019_794925.jpg,1,1,3,1,1,biological species is a species of penguin.
30,005.Crested_Auklet/Crested_Auklet_0057_794932.jpg,1,1,3,1,1,a seagull sits on a dock.
31,005.Crested_Auklet/Crested_Auklet_0012_794960.jpg,1,1,3,1,1,a bird with a fish.
32,005.Crested_Auklet/Crested_Auklet_0076_785252.jpg,1,1,3,1,1,biological species on the beach.
33,006.Least_Auklet/Least_Auklet_0016_1903.jpg,1,1,3,1,1,biological species - i saw one of these in the park.
34,006.Least_Auklet/Least_Auklet_0040_795100.jpg,0,1,2,0,0,a bird in the forest.
35,006.Least_Auklet/Least_Auklet_0018_795077.jpg,1,1,3,1,1,biological species in the snow.
36,006.Least_Auklet/Least_Auklet_0024_795120.jpg,0,1,2,0,0,a bird with a face.
37,006.Least_Auklet/Least_Auklet_0007_795123.jpg,1,1,3,1,1,a penguin with a big mouth.
38,006.Least_Auklet/Least_Auklet_0021_795127.jpg,1,1,2,0,1,biological species on the rocks.
39,007.Parakeet_Auklet/Parakeet_Auklet_0047_795956.jpg,0,1,2,0,0,"person , a bird of prey , is pictured with person."
40,007.Parakeet_Auklet/Parakeet_Auklet_0062_795958.jpg,1,1,3,1,1,biological species in the water.
41,008.Rhinoceros_Auklet/Rhinoceros_Auklet_0028_2056.jpg,1,1,2,0,1,"person , a bird of prey."
42,008.Rhinoceros_Auklet/Rhinoceros_Auklet_0043_2096.jpg,1,1,3,1,1,biological species with a duck.
43,008.Rhinoceros_Auklet/Rhinoceros_Auklet_0031_797518.jpg,0,1,2,0,0,a bird in the forest.
44,008.Rhinoceros_Auklet/Rhinoceros_Auklet_0007_797521.jpg,1,1,2,0,1,a bird with a broken leg.
45,008.Rhinoceros_Auklet/Rhinoceros_Auklet_0008_797531.jpg,1,1,2,0,1,biological species in the wild.
46,008.Rhinoceros_Auklet/Rhinoceros_Auklet_0049_797543.jpg,1,1,3,1,1,the bird of prey is a common sight.
47,008.Rhinoceros_Auklet/Rhinoceros_Auklet_0038_797544.jpg,1,1,2,0,1,a bird on a tree.
48,008.Rhinoceros_Auklet/Rhinoceros_Auklet_0010_797545.jpg,1,1,2,0,1,a bird of paradise : a bird of paradise.
49,008.Rhinoceros_Auklet/Rhinoceros_Auklet_0015_2160.jpg,0,1,2,0,0,digital art selected for the #.
50,009.Brewer_Blackbird/Brewer_Blackbird_0082_2593.jpg,0,0,1,1,1,biological species on the beach.
51,009.Brewer_Blackbird/Brewer_Blackbird_0087_2622.jpg,0,0,1,1,1,a baby bird of prey is seen in a pond.
52,009.Brewer_Blackbird/Brewer_Blackbird_0109_2232.jpg,1,0,1,1,0,the statue of a bird.
53,009.Brewer_Blackbird/Brewer_Blackbird_0132_2293.jpg,0,0,0,0,1,a bird of prey in the woods.
54,010.Red_winged_Blackbird/Red_Winged_Blackbird_0059_4612.jpg,0,0,1,1,1,a bird on a rock.
55,010.Red_winged_Blackbird/Red_Winged_Blackbird_0075_4953.jpg,1,0,1,1,0,a paraglider flies over a city.
56,010.Red_winged_Blackbird/Red_Winged_Blackbird_0021_3767.jpg,0,0,0,0,1,a bird in a tree.
57,010.Red_winged_Blackbird/Red_Winged_Blackbird_0096_5019.jpg,0,0,0,0,1,a crow on a branch.
58,010.Red_winged_Blackbird/Red_Winged_Blackbird_0025_5342.jpg,0,0,1,1,1,birds on the beach at sunset.
59,011.Rusty_Blackbird/Rusty_Blackbird_0113_6664.jpg,0,0,0,0,1,"biological species , the bird of prey."
60,011.Rusty_Blackbird/Rusty_Blackbird_0054_6676.jpg,0,0,1,1,1,a seagull sits on a boat.
61,011.Rusty_Blackbird/Rusty_Blackbird_0085_6713.jpg,0,0,1,1,1,person with a bird on her arm.
62,011.Rusty_Blackbird/Rusty_Blackbird_0114_6760.jpg,0,0,0,0,1,biological species - i saw one of these in the woods.
63,011.Rusty_Blackbird/Rusty_Blackbird_0011_7028.jpg,0,0,1,1,1,a bird on a tree.
64,011.Rusty_Blackbird/Rusty_Blackbird_0001_6548.jpg,0,0,0,0,1,"biological species , a bird of prey."
65,012.Yellow_headed_Blackbird/Yellow_Headed_Blackbird_0031_8456.jpg,0,0,0,0,1,a bird perched on a tree branch.
66,012.Yellow_headed_Blackbird/Yellow_Headed_Blackbird_0008_8756.jpg,0,0,0,0,1,biological species in the forest.
67,012.Yellow_headed_Blackbird/Yellow_Headed_Blackbird_0089_8326.jpg,0,0,0,0,1,"biological species , the largest bird in the world."
68,012.Yellow_headed_Blackbird/Yellow_Headed_Blackbird_0087_8358.jpg,0,0,0,0,1,biological species on a tree.
69,012.Yellow_headed_Blackbird/Yellow_Headed_Blackbird_0070_8583.jpg,0,0,1,1,1,biological species on a rock.
70,013.Bobolink/Bobolink_0102_10807.jpg,0,0,0,0,1,the cat in the garden.
71,013.Bobolink/Bobolink_0065_9375.jpg,0,0,0,0,1,a bird in a tree.
72,013.Bobolink/Bobolink_0119_10430.jpg,0,0,1,1,1,a bird on the banks.
73,013.Bobolink/Bobolink_0044_9990.jpg,1,0,1,1,0,a boat on the beach at sunset.
74,013.Bobolink/Bobolink_0014_11055.jpg,0,0,0,0,1,biological species in a tree.
75,013.Bobolink/Bobolink_0131_9578.jpg,0,0,0,0,1,"person , a musician , photographed by person."
76,014.Indigo_Bunting/Indigo_Bunting_0084_11848.jpg,0,0,1,1,1,biological species on the lake.
77,014.Indigo_Bunting/Indigo_Bunting_0080_13416.jpg,0,0,0,0,1,biological species in the forest.
78,014.Indigo_Bunting/Indigo_Bunting_0004_13195.jpg,0,0,0,0,1,blue bird in the forest.
79,014.Indigo_Bunting/Indigo_Bunting_0022_12781.jpg,0,0,1,1,1,blue bird on the beach.
80,014.Indigo_Bunting/Indigo_Bunting_0050_11811.jpg,0,0,0,0,1,a bird on a rock.
81,015.Lazuli_Bunting/Lazuli_Bunting_0034_14864.jpg,0,0,1,1,1,a bird on a pond.
82,015.Lazuli_Bunting/Lazuli_Bunting_0080_14893.jpg,0,0,1,1,1,a bird on a pond.
83,015.Lazuli_Bunting/Lazuli_Bunting_0054_14714.jpg,0,0,1,1,1,a bird on a tree.
84,015.Lazuli_Bunting/Lazuli_Bunting_0039_15081.jpg,0,0,1,1,1,biological species on a branch.
85,016.Painted_Bunting/Painted_Bunting_0025_16722.jpg,0,0,0,0,1,a parrot in the wild.
86,016.Painted_Bunting/Painted_Bunting_0079_15197.jpg,0,0,1,1,1,a parrot on the shore.
87,016.Painted_Bunting/Painted_Bunting_0001_16585.jpg,0,0,1,1,1,a flock of geese in the grass.
88,016.Painted_Bunting/Painted_Bunting_0056_16599.jpg,0,0,0,0,1,biological species in the wild.
89,017.Cardinal/Cardinal_0019_17368.jpg,0,0,0,0,1,biological species in a tree.
90,017.Cardinal/Cardinal_0025_17239.jpg,0,0,0,0,1,biological species is a bird of prey.
91,017.Cardinal/Cardinal_0029_17297.jpg,0,0,0,0,1,biological species in the snow.
92,017.Cardinal/Cardinal_0007_18537.jpg,0,0,1,1,1,"a bird in flight , with a fish in its beak."
93,017.Cardinal/Cardinal_0083_18042.jpg,0,0,0,0,1,"biological species - i 'm not sure what kind of bird this is , but it looks like a pretty good one."
94,017.Cardinal/Cardinal_0020_18664.jpg,0,0,0,0,1,biological species in the forest.
95,017.Cardinal/Cardinal_0028_18054.jpg,0,0,1,1,1,a helicopter flies over the ship.
96,017.Cardinal/Cardinal_0084_17576.jpg,0,0,0,0,1,biological species on a tree branch.
97,017.Cardinal/Cardinal_0012_18638.jpg,0,0,0,0,1,biological species in the woods.
98,017.Cardinal/Cardinal_0060_17139.jpg,1,0,1,1,0,biological species is a bird of paradise.
99,018.Spotted_Catbird/Spotted_Catbird_0016_796803.jpg,0,0,1,1,1,the bird is a symbol of peace.
100,018.Spotted_Catbird/Spotted_Catbird_0045_796814.jpg,0,0,1,1,1,"person and her friend , are pictured on the beach."
101,019.Gray_Catbird/Gray_Catbird_0067_21043.jpg,0,0,0,0,1,a girl with a bird.
102,019.Gray_Catbird/Gray_Catbird_0080_20139.jpg,0,0,1,1,1,"person , a bird of prey."
103,019.Gray_Catbird/Gray_Catbird_0094_21303.jpg,0,0,1,1,1,biological species on the beach.
104,019.Gray_Catbird/Gray_Catbird_0045_20950.jpg,0,0,0,0,1,biological species on a branch.
105,020.Yellow_breasted_Chat/Yellow_Breasted_Chat_0073_21932.jpg,0,0,0,0,1,a yellow macaw in a tree.
106,020.Yellow_breasted_Chat/Yellow_Breasted_Chat_0106_22032.jpg,1,0,1,1,0,a city is a popular tourist destination.
107,020.Yellow_breasted_Chat/Yellow_Breasted_Chat_0062_21673.jpg,0,0,1,1,1,biological species on a branch.
108,020.Yellow_breasted_Chat/Yellow_Breasted_Chat_0094_21693.jpg,0,0,0,0,1,biological species in the wild.
109,020.Yellow_breasted_Chat/Yellow_Breasted_Chat_0014_21970.jpg,0,0,0,0,1,biological species in the forest.
110,021.Eastern_Towhee/Eastern_Towhee_0101_22559.jpg,0,1,3,1,0,biological species on the wall.
111,021.Eastern_Towhee/Eastern_Towhee_0099_22566.jpg,0,1,2,0,0,biological species in the garden.
112,021.Eastern_Towhee/Eastern_Towhee_0068_22194.jpg,0,1,2,0,0,biological species is a bird of prey.
113,021.Eastern_Towhee/Eastern_Towhee_0126_22639.jpg,1,1,3,1,1,"person , a car that was stolen from a beach."
114,021.Eastern_Towhee/Eastern_Towhee_0007_22172.jpg,0,1,2,0,0,biological species on a branch.
115,021.Eastern_Towhee/Eastern_Towhee_0035_22223.jpg,0,1,2,0,0,biological species in the rainforest.
116,021.Eastern_Towhee/Eastern_Towhee_0038_22399.jpg,0,1,2,0,0,a bird in a tree.
117,022.Chuck_will_Widow/Chuck_Will_Widow_0007_796958.jpg,0,0,0,0,1,a bird of prey is seen flying through the forest.
118,022.Chuck_will_Widow/Chuck_Will_Widow_0017_796960.jpg,0,0,0,0,1,a bird in a tree.
119,022.Chuck_will_Widow/Chuck_Will_Widow_0016_796974.jpg,1,0,1,1,0,the tail of a great white shark.
120,022.Chuck_will_Widow/Chuck_Will_Widow_0043_797001.jpg,1,0,1,1,0,a seagull is seen on the beach.
121,022.Chuck_will_Widow/Chuck_Will_Widow_0054_22782.jpg,0,0,0,0,1,biological species - i saw one of these in the woods.
122,023.Brandt_Cormorant/Brandt_Cormorant_0014_23050.jpg,1,1,3,1,1,a bird stands on a log.
123,023.Brandt_Cormorant/Brandt_Cormorant_0087_23126.jpg,1,1,3,1,1,biological species is a large bird of prey.
124,023.Brandt_Cormorant/Brandt_Cormorant_0022_23157.jpg,0,1,2,0,0,biological species in the sky.
125,023.Brandt_Cormorant/Brandt_Cormorant_0045_22916.jpg,1,1,2,0,1,biological species - i saw one of these in the woods.
126,023.Brandt_Cormorant/Brandt_Cormorant_0082_22978.jpg,1,1,2,0,1,a bird in the trees.
127,023.Brandt_Cormorant/Brandt_Cormorant_0063_22865.jpg,1,1,2,0,1,biological species is a bird of prey found.
128,024.Red_faced_Cormorant/Red_Faced_Cormorant_0046_23446.jpg,1,1,3,1,1,"biological species , a bird of paradise."
129,024.Red_faced_Cormorant/Red_Faced_Cormorant_0064_23464.jpg,1,1,3,1,1,a bird in the water.
130,024.Red_faced_Cormorant/Red_Faced_Cormorant_0032_796334.jpg,1,1,3,1,1,a bird stands on a rock.
131,024.Red_faced_Cormorant/Red_Faced_Cormorant_0060_23416.jpg,0,1,2,0,0,biological species - i saw one of these in the park.
132,025.Pelagic_Cormorant/Pelagic_Cormorant_0080_23890.jpg,1,1,3,1,1,a crow with a fish.
133,025.Pelagic_Cormorant/Pelagic_Cormorant_0057_24002.jpg,1,1,2,0,1,biological species is a bird of prey.
134,025.Pelagic_Cormorant/Pelagic_Cormorant_0022_23802.jpg,1,1,2,0,1,a crow in the forest.
135,025.Pelagic_Cormorant/Pelagic_Cormorant_0061_23548.jpg,1,1,2,0,1,biological species in the forest.
136,026.Bronzed_Cowbird/Bronzed_Cowbird_0012_796247.jpg,0,0,0,0,1,a dead crow is seen in a pond.
137,026.Bronzed_Cowbird/Bronzed_Cowbird_0040_24134.jpg,0,0,0,0,1,a blackbird in a tree.
138,026.Bronzed_Cowbird/Bronzed_Cowbird_0002_796244.jpg,0,0,1,1,1,biological species is a species of bird.
139,026.Bronzed_Cowbird/Bronzed_Cowbird_0008_796250.jpg,1,0,1,1,0,a seal on the beach.
140,026.Bronzed_Cowbird/Bronzed_Cowbird_0053_24170.jpg,0,0,0,0,1,a bird in the zoo.
141,027.Shiny_Cowbird/Shiny_Cowbird_0075_24335.jpg,0,0,1,1,1,a crow on the fence.
142,027.Shiny_Cowbird/Shiny_Cowbird_0026_796847.jpg,0,0,0,0,1,"biological species , a bird of prey."
143,027.Shiny_Cowbird/Shiny_Cowbird_0076_24363.jpg,0,0,0,0,1,biological species in a tree.
144,027.Shiny_Cowbird/Shiny_Cowbird_0034_796849.jpg,0,0,0,0,1,biological species in the forest.
145,027.Shiny_Cowbird/Shiny_Cowbird_0006_796864.jpg,0,0,0,0,1,a bird in a tree.
146,027.Shiny_Cowbird/Shiny_Cowbird_0062_24271.jpg,0,0,1,1,1,a bird on the beach.
147,028.Brown_Creeper/Brown_Creeper_0103_24632.jpg,0,0,1,1,1,a dolphin jumps out of the water.
148,028.Brown_Creeper/Brown_Creeper_0114_24649.jpg,0,0,1,1,1,a city is a city.
149,028.Brown_Creeper/Brown_Creeper_0063_24724.jpg,1,0,1,1,0,"person , a dog , is one of the most popular breeds of dogs."
150,028.Brown_Creeper/Brown_Creeper_0072_24977.jpg,0,0,0,0,1,biological species in the woods.
151,028.Brown_Creeper/Brown_Creeper_0118_24500.jpg,0,0,0,0,1,"biological species , a bird of prey."
152,029.American_Crow/American_Crow_0134_25206.jpg,0,0,1,1,1,a crow on the promenade.
153,029.American_Crow/American_Crow_0081_25837.jpg,0,0,0,0,1,"biological genus is a large , black bird with a long neck and legs."
154,029.American_Crow/American_Crow_0025_25522.jpg,0,0,1,1,1,a raven on a tree branch.
155,030.Fish_Crow/Fish_Crow_0083_25949.jpg,0,0,0,0,1,biological species in the wild.
156,031.Black_billed_Cuckoo/Black_Billed_Cuckoo_0028_26165.jpg,0,0,0,0,1,biological species in a tree.
157,031.Black_billed_Cuckoo/Black_Billed_Cuckoo_0084_26175.jpg,0,0,1,1,1,biological species on the water.
158,031.Black_billed_Cuckoo/Black_Billed_Cuckoo_0086_26188.jpg,0,0,1,1,1,"person , the bird of prey."
159,031.Black_billed_Cuckoo/Black_Billed_Cuckoo_0081_26209.jpg,0,0,1,1,1,a bird flying over the ocean.
160,031.Black_billed_Cuckoo/Black_Billed_Cuckoo_0088_26217.jpg,0,0,0,0,1,biological species - i have one of these birds.
161,031.Black_billed_Cuckoo/Black_Billed_Cuckoo_0058_795292.jpg,0,0,0,0,1,biological species is a bird of paradise.
162,031.Black_billed_Cuckoo/Black_Billed_Cuckoo_0070_795310.jpg,0,0,1,1,1,"biological species , a bird of paradise."
163,031.Black_billed_Cuckoo/Black_Billed_Cuckoo_0057_795323.jpg,0,0,1,1,1,a pelican sits on a rock.
164,031.Black_billed_Cuckoo/Black_Billed_Cuckoo_0019_795329.jpg,0,0,0,0,1,a bird in a bamboo forest.
165,032.Mangrove_Cuckoo/Mangrove_Cuckoo_0044_26393.jpg,1,0,1,1,0,a bird of paradise : birds of paradise.
166,032.Mangrove_Cuckoo/Mangrove_Cuckoo_0050_794594.jpg,0,0,0,0,1,a couple in love in the forest.
167,032.Mangrove_Cuckoo/Mangrove_Cuckoo_0005_794599.jpg,0,0,1,1,1,biological species in the wild.
168,032.Mangrove_Cuckoo/Mangrove_Cuckoo_0038_794600.jpg,0,0,1,1,1,biological species on the banks.
169,033.Yellow_billed_Cuckoo/Yellow_Billed_Cuckoo_0094_26643.jpg,0,0,0,0,1,biological species in the garden.
170,033.Yellow_billed_Cuckoo/Yellow_Billed_Cuckoo_0019_26803.jpg,0,0,1,1,1,a parrot on the beach.
171,033.Yellow_billed_Cuckoo/Yellow_Billed_Cuckoo_0121_26807.jpg,0,0,0,0,1,a bird flying through the trees.
172,033.Yellow_billed_Cuckoo/Yellow_Billed_Cuckoo_0032_26616.jpg,0,0,1,1,1,biological species - i 've seen this one in the park.
173,034.Gray_crowned_Rosy_Finch/Gray_Crowned_Rosy_Finch_0042_27143.jpg,0,0,1,1,1,biological species on the pier.
174,034.Gray_crowned_Rosy_Finch/Gray_Crowned_Rosy_Finch_0068_27196.jpg,0,0,0,0,1,biological species in the garden.
175,034.Gray_crowned_Rosy_Finch/Gray_Crowned_Rosy_Finch_0001_27211.jpg,0,0,0,0,1,a bird of prey is seen.
176,034.Gray_crowned_Rosy_Finch/Gray_Crowned_Rosy_Finch_0044_26976.jpg,0,0,1,1,1,a bird on the rocks.
177,034.Gray_crowned_Rosy_Finch/Gray_Crowned_Rosy_Finch_0012_27062.jpg,0,0,0,0,1,biological species in a tree.
178,034.Gray_crowned_Rosy_Finch/Gray_Crowned_Rosy_Finch_0080_27108.jpg,0,0,1,1,1,biological species on the beach.
179,035.Purple_Finch/Purple_Finch_0048_27670.jpg,0,0,0,0,1,biological species is a bird of paradise.
180,035.Purple_Finch/Purple_Finch_0094_27323.jpg,0,0,0,0,1,biological species in a tree.
181,035.Purple_Finch/Purple_Finch_0114_27837.jpg,0,0,0,0,1,a bird in the rain.
182,035.Purple_Finch/Purple_Finch_0004_27565.jpg,0,0,0,0,1,biological species in the bamboo.
183,035.Purple_Finch/Purple_Finch_0104_28088.jpg,0,0,0,0,1,biological species in a tree.
184,035.Purple_Finch/Purple_Finch_0108_28143.jpg,0,0,1,1,1,biological species on a branch.
185,036.Northern_Flicker/Northern_Flicker_0036_28681.jpg,0,0,0,0,1,a red - tailed hawk in the woods.
186,036.Northern_Flicker/Northern_Flicker_0132_28313.jpg,0,0,1,1,1,a bird flying over the beach.
187,036.Northern_Flicker/Northern_Flicker_0004_28854.jpg,0,0,1,1,1,biological species in the mountains.
188,036.Northern_Flicker/Northern_Flicker_0139_28419.jpg,0,0,0,0,1,a young couple walking in a park.
189,036.Northern_Flicker/Northern_Flicker_0095_28938.jpg,0,0,0,0,1,"person with her family , including person."
190,036.Northern_Flicker/Northern_Flicker_0106_28441.jpg,0,0,1,1,1,biological species on the beach.
191,036.Northern_Flicker/Northern_Flicker_0011_28466.jpg,1,0,1,1,0,biological species is a species of bird.
192,036.Northern_Flicker/Northern_Flicker_0059_28488.jpg,0,0,0,0,1,a bird with a long neck.
193,036.Northern_Flicker/Northern_Flicker_0024_29041.jpg,0,0,1,1,1,biological species in the desert.
194,036.Northern_Flicker/Northern_Flicker_0008_28591.jpg,0,0,1,1,1,biological species on the coast.
195,036.Northern_Flicker/Northern_Flicker_0016_28603.jpg,0,0,0,0,1,biological species in the snow.
196,036.Northern_Flicker/Northern_Flicker_0107_28667.jpg,1,0,1,1,0,biological species on a post.
197,037.Acadian_Flycatcher/Acadian_Flycatcher_0017_795598.jpg,0,0,0,0,1,biological species on a branch.
198,037.Acadian_Flycatcher/Acadian_Flycatcher_0008_795599.jpg,0,0,1,1,1,a bird in the sunset.
199,037.Acadian_Flycatcher/Acadian_Flycatcher_0055_795609.jpg,0,0,0,0,1,biological species on a branch.
200,038.Great_Crested_Flycatcher/Great_Crested_Flycatcher_0050_29786.jpg,0,0,0,0,1,biological species is a bird of paradise.
201,038.Great_Crested_Flycatcher/Great_Crested_Flycatcher_0070_29455.jpg,0,0,1,1,1,biological species on a pier.
202,038.Great_Crested_Flycatcher/Great_Crested_Flycatcher_0099_29305.jpg,0,0,0,0,1,biological species on a branch.
203,038.Great_Crested_Flycatcher/Great_Crested_Flycatcher_0009_29831.jpg,0,0,0,0,1,a bird in the trees.
204,038.Great_Crested_Flycatcher/Great_Crested_Flycatcher_0085_29812.jpg,0,0,1,1,1,biological species on a beach.
205,038.Great_Crested_Flycatcher/Great_Crested_Flycatcher_0023_29481.jpg,0,0,1,1,1,a man is caught in the act of catching a kite.
206,038.Great_Crested_Flycatcher/Great_Crested_Flycatcher_0086_29518.jpg,0,0,0,0,1,person with a bird in his hand.
207,038.Great_Crested_Flycatcher/Great_Crested_Flycatcher_0058_29523.jpg,0,0,0,0,1,biological species is a bird of paradise.
208,038.Great_Crested_Flycatcher/Great_Crested_Flycatcher_0092_29583.jpg,0,0,1,1,1,"person , a surfer , rides a wave."
209,039.Least_Flycatcher/Least_Flycatcher_0036_30213.jpg,0,0,0,0,1,biological species on a branch.
210,039.Least_Flycatcher/Least_Flycatcher_0060_30214.jpg,0,0,0,0,1,"person , a bird of prey."
211,039.Least_Flycatcher/Least_Flycatcher_0001_30221.jpg,0,0,0,0,1,biological species on a walk.
212,039.Least_Flycatcher/Least_Flycatcher_0011_30222.jpg,0,0,0,0,1,a bird on the way to the temple.
213,039.Least_Flycatcher/Least_Flycatcher_0034_30151.jpg,0,0,0,0,1,biological species in the forest.
214,039.Least_Flycatcher/Least_Flycatcher_0021_30355.jpg,0,0,0,0,1,"the world 's largest tree , is a giant tree that has been planted in the middle of a forest."
215,039.Least_Flycatcher/Least_Flycatcher_0076_30117.jpg,0,0,1,1,1,biological species on a branch.
216,039.Least_Flycatcher/Least_Flycatcher_0081_30380.jpg,0,0,1,1,1,a seagull sits on a dock.
217,039.Least_Flycatcher/Least_Flycatcher_0070_30147.jpg,0,0,0,0,1,biological species on a tree stump.
218,039.Least_Flycatcher/Least_Flycatcher_0010_30149.jpg,0,0,0,0,1,biological species in the grass.
219,039.Least_Flycatcher/Least_Flycatcher_0099_30200.jpg,0,0,0,0,1,a bird on a tree.
220,040.Olive_sided_Flycatcher/Olive_Sided_Flycatcher_0064_30485.jpg,0,0,0,0,1,biological species on a perch.
221,040.Olive_sided_Flycatcher/Olive_Sided_Flycatcher_0067_30749.jpg,0,0,0,0,1,biological species in the bamboo forest.
222,040.Olive_sided_Flycatcher/Olive_Sided_Flycatcher_0033_30532.jpg,0,0,1,1,1,person on a swing at sunset.
223,040.Olive_sided_Flycatcher/Olive_Sided_Flycatcher_0009_796885.jpg,0,0,1,1,1,biological species in a pond.
224,040.Olive_sided_Flycatcher/Olive_Sided_Flycatcher_0017_30704.jpg,1,0,1,1,0,biological species on the rocks.
225,041.Scissor_tailed_Flycatcher/Scissor_Tailed_Flycatcher_0085_41830.jpg,0,0,0,0,1,biological species is a species of bird.
226,041.Scissor_tailed_Flycatcher/Scissor_Tailed_Flycatcher_0068_41835.jpg,0,0,0,0,1,biological species on a wire.
227,041.Scissor_tailed_Flycatcher/Scissor_Tailed_Flycatcher_0002_41762.jpg,0,0,1,1,1,biological species on a branch.
228,041.Scissor_tailed_Flycatcher/Scissor_Tailed_Flycatcher_0020_41680.jpg,0,0,1,1,1,bird on the balcony of the house.
229,041.Scissor_tailed_Flycatcher/Scissor_Tailed_Flycatcher_0077_41688.jpg,0,0,1,1,1,"sailboat on the water , with a view."
230,041.Scissor_tailed_Flycatcher/Scissor_Tailed_Flycatcher_0114_41704.jpg,0,0,0,0,1,biological species in a bamboo forest.
231,041.Scissor_tailed_Flycatcher/Scissor_Tailed_Flycatcher_0109_41720.jpg,0,0,0,0,1,birds in the rain by person.
232,042.Vermilion_Flycatcher/Vermilion_Flycatcher_0020_42498.jpg,0,0,1,1,1,biological species on a branch.
233,042.Vermilion_Flycatcher/Vermilion_Flycatcher_0069_42502.jpg,0,0,0,0,1,a red balloon hangs from a tree.
234,042.Vermilion_Flycatcher/Vermilion_Flycatcher_0023_42565.jpg,0,0,0,0,1,the bird of paradise is the one who can not be frightened by fear.
235,042.Vermilion_Flycatcher/Vermilion_Flycatcher_0027_42388.jpg,0,0,1,1,1,biological species on a frozen pond.
236,042.Vermilion_Flycatcher/Vermilion_Flycatcher_0007_42214.jpg,0,0,1,1,1,biological species in a tree.
237,042.Vermilion_Flycatcher/Vermilion_Flycatcher_0045_42219.jpg,0,0,1,1,1,biological species in the snow.
238,043.Yellow_bellied_Flycatcher/Yellow_Bellied_Flycatcher_0035_795464.jpg,0,0,1,1,1,biological species on a boat.
239,043.Yellow_bellied_Flycatcher/Yellow_Bellied_Flycatcher_0064_795466.jpg,0,0,0,0,1,biological species in a tree.
240,043.Yellow_bellied_Flycatcher/Yellow_Bellied_Flycatcher_0044_795480.jpg,0,0,1,1,1,biological species in the rain.
241,043.Yellow_bellied_Flycatcher/Yellow_Bellied_Flycatcher_0037_795500.jpg,0,0,1,1,1,biological species on a rock.
242,043.Yellow_bellied_Flycatcher/Yellow_Bellied_Flycatcher_0009_795510.jpg,0,0,1,1,1,biological species on a branch.
243,043.Yellow_bellied_Flycatcher/Yellow_Bellied_Flycatcher_0052_42621.jpg,0,0,1,1,1,biological species on a lake.
244,043.Yellow_bellied_Flycatcher/Yellow_Bellied_Flycatcher_0068_42701.jpg,0,0,1,1,1,a hummingbird is seen in this undated file photo.
245,043.Yellow_bellied_Flycatcher/Yellow_Bellied_Flycatcher_0008_42703.jpg,0,0,0,0,1,biological species in a tree.
246,043.Yellow_bellied_Flycatcher/Yellow_Bellied_Flycatcher_0063_42704.jpg,0,0,0,0,1,biological species in the snow.
247,044.Frigatebird/Frigatebird_0006_43381.jpg,0,1,2,0,0,a tree stump in the forest.
248,044.Frigatebird/Frigatebird_0021_42913.jpg,1,1,2,0,1,a bird in the rain.
249,044.Frigatebird/Frigatebird_0084_43006.jpg,1,1,3,1,1,biological species in the water.
250,044.Frigatebird/Frigatebird_0070_43516.jpg,1,1,2,0,1,"person , the new owner of the resort , holds a balloon."
251,045.Northern_Fulmar/Northern_Fulmar_0019_43853.jpg,1,1,2,0,1,a kite flies over a tree.
252,045.Northern_Fulmar/Northern_Fulmar_0010_44112.jpg,1,1,2,0,1,animal in a tree - photo #.
253,045.Northern_Fulmar/Northern_Fulmar_0095_43860.jpg,0,1,2,0,0,biological species in the trees.
254,045.Northern_Fulmar/Northern_Fulmar_0071_44146.jpg,1,1,3,1,1,a seagull flies over the ocean.
255,046.Gadwall/Gadwall_0039_31013.jpg,1,1,2,0,1,duck in a pond with waterfall.
256,046.Gadwall/Gadwall_0096_31560.jpg,1,1,3,1,1,a goose on the train.
257,046.Gadwall/Gadwall_0012_30920.jpg,1,1,3,1,1,a seagull feeds on a fish.
258,046.Gadwall/Gadwall_0034_31212.jpg,1,1,3,1,1,a camel in the ocean.
259,047.American_Goldfinch/American_Goldfinch_0128_32333.jpg,0,0,0,0,1,biological species in the wild.
260,047.American_Goldfinch/American_Goldfinch_0041_31969.jpg,0,0,0,0,1,birds in the wild - photo #.
261,047.American_Goldfinch/American_Goldfinch_0106_32182.jpg,0,0,1,1,1,biological species on a lake.
262,048.European_Goldfinch/European_Goldfinch_0012_794646.jpg,0,0,0,0,1,a parrot in a tree.
263,048.European_Goldfinch/European_Goldfinch_0090_794648.jpg,0,0,0,0,1,a bird in a tree.
264,048.European_Goldfinch/European_Goldfinch_0006_794661.jpg,0,0,0,0,1,biological species is a species of bird.
265,048.European_Goldfinch/European_Goldfinch_0097_794688.jpg,1,0,1,1,0,a bird in the water.
266,049.Boat_tailed_Grackle/Boat_Tailed_Grackle_0086_33818.jpg,0,0,1,1,1,biological species is a bird of prey.
267,049.Boat_tailed_Grackle/Boat_Tailed_Grackle_0070_33612.jpg,1,0,1,1,0,"person , a seagull , is pictured."
268,049.Boat_tailed_Grackle/Boat_Tailed_Grackle_0056_33649.jpg,0,0,1,1,1,biological species on the water.
269,049.Boat_tailed_Grackle/Boat_Tailed_Grackle_0062_33650.jpg,0,0,1,1,1,a crow on the beach.
270,049.Boat_tailed_Grackle/Boat_Tailed_Grackle_0040_33417.jpg,0,0,0,0,1,biological species in the mist.
271,049.Boat_tailed_Grackle/Boat_Tailed_Grackle_0123_33695.jpg,0,0,0,0,1,a crow on a farm.
272,049.Boat_tailed_Grackle/Boat_Tailed_Grackle_0027_33743.jpg,0,0,1,1,1,biological species in flight over a pond.
273,049.Boat_tailed_Grackle/Boat_Tailed_Grackle_0113_33490.jpg,0,0,1,1,1,biological species on the beach.
274,049.Boat_tailed_Grackle/Boat_Tailed_Grackle_0063_33492.jpg,0,0,0,0,1,biological species in the rainforest.
275,049.Boat_tailed_Grackle/Boat_Tailed_Grackle_0097_33759.jpg,1,0,0,0,0,a bird flies over a city.
276,049.Boat_tailed_Grackle/Boat_Tailed_Grackle_0011_34020.jpg,0,0,0,0,1,biological species is a bird of prey.
277,049.Boat_tailed_Grackle/Boat_Tailed_Grackle_0033_33524.jpg,0,0,1,1,1,biological species - i have one of these !.
278,050.Eared_Grebe/Eared_Grebe_0023_34309.jpg,1,1,2,0,1,person with some of the fish he caught.
279,050.Eared_Grebe/Eared_Grebe_0053_34084.jpg,1,1,3,1,1,a goose in the sunset.
280,050.Eared_Grebe/Eared_Grebe_0079_34342.jpg,0,1,2,0,0,biological species in the wild.
281,050.Eared_Grebe/Eared_Grebe_0017_34139.jpg,1,1,3,1,1,biological species in the grass.
282,050.Eared_Grebe/Eared_Grebe_0010_34151.jpg,1,1,3,1,1,a bird on the beach.
283,050.Eared_Grebe/Eared_Grebe_0016_34334.jpg,1,1,2,0,1,biological species in the mist.
284,050.Eared_Grebe/Eared_Grebe_0015_34231.jpg,1,1,2,0,1,biological species in the wild.
285,050.Eared_Grebe/Eared_Grebe_0004_34277.jpg,1,1,3,1,1,a duck swimming in the sea.
286,051.Horned_Grebe/Horned_Grebe_0098_34662.jpg,1,1,2,0,1,biological species in a tree.
287,051.Horned_Grebe/Horned_Grebe_0099_34989.jpg,1,1,3,1,1,the ship is pictured in the water.
288,051.Horned_Grebe/Horned_Grebe_0088_35023.jpg,0,1,2,0,0,biological species in the rainforest.
289,051.Horned_Grebe/Horned_Grebe_0040_34548.jpg,0,1,2,0,0,a bird in the rainforest.
290,052.Pied_billed_Grebe/Pied_Billed_Grebe_0033_35379.jpg,1,1,3,1,1,a bird of prey in the water.
291,052.Pied_billed_Grebe/Pied_Billed_Grebe_0005_35437.jpg,1,1,3,1,1,a pair of swans on the lake.
292,052.Pied_billed_Grebe/Pied_Billed_Grebe_0024_35949.jpg,1,1,2,0,1,biological species in the rainforest.
293,052.Pied_billed_Grebe/Pied_Billed_Grebe_0086_35483.jpg,1,1,3,1,1,a bird of prey is seen.
294,052.Pied_billed_Grebe/Pied_Billed_Grebe_0120_35764.jpg,0,1,2,0,0,a bird in the trees.
295,052.Pied_billed_Grebe/Pied_Billed_Grebe_0050_35530.jpg,1,1,3,1,1,a group of students paddle down a river.
296,052.Pied_billed_Grebe/Pied_Billed_Grebe_0100_35310.jpg,1,1,2,0,1,a bird in a tree.
297,053.Western_Grebe/Western_Grebe_0099_36112.jpg,1,1,3,1,1,the water was so low that it was almost invisible to the eye.
298,053.Western_Grebe/Western_Grebe_0092_36121.jpg,1,1,3,1,1,biological species on the beach.
299,053.Western_Grebe/Western_Grebe_0088_36428.jpg,1,1,2,0,1,biological species in the water.
300,053.Western_Grebe/Western_Grebe_0047_36203.jpg,1,1,2,0,1,the bird of paradise - photo #.
301,053.Western_Grebe/Western_Grebe_0001_36481.jpg,1,1,3,1,1,swan on a bridge over the river.
302,053.Western_Grebe/Western_Grebe_0061_36181.jpg,1,1,3,1,1,a seagull on a ship.
303,054.Blue_Grosbeak/Blue_Grosbeak_0073_37148.jpg,0,0,0,0,1,a tree fell on the grounds.
304,054.Blue_Grosbeak/Blue_Grosbeak_0031_37173.jpg,0,0,1,1,1,a bird on a dock.
305,054.Blue_Grosbeak/Blue_Grosbeak_0043_37200.jpg,1,0,1,1,0,birds in the - photo sharing !.
306,054.Blue_Grosbeak/Blue_Grosbeak_0020_36967.jpg,0,0,1,1,1,"person , the blue - winged parrot , is one of the many birds that will be seen."
307,054.Blue_Grosbeak/Blue_Grosbeak_0094_36995.jpg,0,0,1,1,1,a bird on the beach.
308,054.Blue_Grosbeak/Blue_Grosbeak_0004_14988.jpg,0,0,1,1,1,a blue bird in the water.
309,054.Blue_Grosbeak/Blue_Grosbeak_0072_36774.jpg,0,0,1,1,1,biological species on a frozen lake.
310,054.Blue_Grosbeak/Blue_Grosbeak_0038_37095.jpg,0,0,0,0,1,biological species in the rainforest.
311,054.Blue_Grosbeak/Blue_Grosbeak_0010_37108.jpg,0,0,1,1,1,birds in the park - photo #.
312,055.Evening_Grosbeak/Evening_Grosbeak_0041_37928.jpg,0,0,1,1,1,biological species on the rocks.
313,055.Evening_Grosbeak/Evening_Grosbeak_0069_37684.jpg,0,0,0,0,1,biological species in the park.
314,055.Evening_Grosbeak/Evening_Grosbeak_0016_37613.jpg,0,0,0,0,1,biological species in the snow.
315,056.Pine_Grosbeak/Pine_Grosbeak_0006_38421.jpg,0,0,1,1,1,a parrot with a rainbow in the background.
316,056.Pine_Grosbeak/Pine_Grosbeak_0038_38956.jpg,0,0,1,1,1,biological species in the snow.
317,056.Pine_Grosbeak/Pine_Grosbeak_0102_38216.jpg,0,0,0,0,1,the bird in the tree.
318,056.Pine_Grosbeak/Pine_Grosbeak_0100_38988.jpg,0,0,1,1,1,a bird flies over the beach.
319,057.Rose_breasted_Grosbeak/Rose_Breasted_Grosbeak_0097_39514.jpg,0,0,1,1,1,a city : a bird on the pier.
320,057.Rose_breasted_Grosbeak/Rose_Breasted_Grosbeak_0067_39592.jpg,0,0,1,1,1,a bird of prey in the wild.
321,057.Rose_breasted_Grosbeak/Rose_Breasted_Grosbeak_0077_39613.jpg,0,0,0,0,1,biological species in the forest.
322,057.Rose_breasted_Grosbeak/Rose_Breasted_Grosbeak_0042_39158.jpg,0,0,1,1,1,a bird flies over a fire.
323,057.Rose_breasted_Grosbeak/Rose_Breasted_Grosbeak_0114_39770.jpg,0,0,1,1,1,biological species on the beach.
324,057.Rose_breasted_Grosbeak/Rose_Breasted_Grosbeak_0075_39795.jpg,1,0,1,1,0,"person , a parrot , is seen."
325,057.Rose_breasted_Grosbeak/Rose_Breasted_Grosbeak_0063_39802.jpg,0,0,0,0,1,biological species in the wild.
326,057.Rose_breasted_Grosbeak/Rose_Breasted_Grosbeak_0047_39407.jpg,0,0,0,0,1,person with a bird he found.
327,058.Pigeon_Guillemot/Pigeon_Guillemot_0084_40217.jpg,1,1,2,0,1,biological species in a tree.
328,058.Pigeon_Guillemot/Pigeon_Guillemot_0025_40511.jpg,1,1,3,1,1,biological species on the beach.
329,058.Pigeon_Guillemot/Pigeon_Guillemot_0034_40074.jpg,1,1,3,1,1,a bird on the rocks.
330,058.Pigeon_Guillemot/Pigeon_Guillemot_0077_39885.jpg,0,1,2,0,0,biological species - the bird of paradise.
331,059.California_Gull/California_Gull_0025_41479.jpg,1,1,2,0,1,biological species in flight over the marsh.
332,059.California_Gull/California_Gull_0103_41044.jpg,1,1,3,1,1,a seagull sits on a beach.
333,059.California_Gull/California_Gull_0052_41047.jpg,0,1,2,0,0,biological species in a bamboo forest.
334,059.California_Gull/California_Gull_0100_41088.jpg,1,1,2,0,1,biological species is a bird of prey.
335,059.California_Gull/California_Gull_0092_41300.jpg,1,1,2,0,1,biological species on a tree branch.
336,059.California_Gull/California_Gull_0121_41196.jpg,1,1,3,1,1,person with a seagull on the beach.
337,059.California_Gull/California_Gull_0076_40788.jpg,1,1,3,1,1,a city is a popular spot for birds to gather.
338,059.California_Gull/California_Gull_0032_41335.jpg,1,1,3,1,1,biological species - i saw one of these on the beach.
339,059.California_Gull/California_Gull_0074_41358.jpg,1,1,3,1,1,biological species on the shore.
340,059.California_Gull/California_Gull_0021_41471.jpg,1,1,2,0,1,biological species in the wild.
341,060.Glaucous_winged_Gull/Glaucous_Winged_Gull_0093_44724.jpg,0,1,2,0,0,biological species in the garden.
342,060.Glaucous_winged_Gull/Glaucous_Winged_Gull_0002_44612.jpg,1,1,3,1,1,a crow on the beach.
343,060.Glaucous_winged_Gull/Glaucous_Winged_Gull_0138_44694.jpg,1,1,2,0,1,biological species - the most beautiful bird in the world.
344,060.Glaucous_winged_Gull/Glaucous_Winged_Gull_0060_44215.jpg,1,1,2,0,1,a bird of prey in the zoo.
345,060.Glaucous_winged_Gull/Glaucous_Winged_Gull_0133_44738.jpg,1,1,2,0,1,"person , a pilot , rides a quad bike with person."
346,060.Glaucous_winged_Gull/Glaucous_Winged_Gull_0012_44264.jpg,1,1,3,1,1,a seagull on the rocks.
347,060.Glaucous_winged_Gull/Glaucous_Winged_Gull_0057_44807.jpg,1,1,2,0,1,biological species is a bird of prey.
348,060.Glaucous_winged_Gull/Glaucous_Winged_Gull_0110_44377.jpg,1,1,3,1,1,"person , a seagull , with person."
349,060.Glaucous_winged_Gull/Glaucous_Winged_Gull_0045_44906.jpg,1,1,3,1,1,"biological species - i 'm not sure what this is , but it looks like a bird."
350,061.Heermann_Gull/Heermann_Gull_0076_45597.jpg,1,1,2,0,1,biological species in the wild.
351,061.Heermann_Gull/Heermann_Gull_0139_45749.jpg,1,1,2,0,1,a bird with a broken leg.
352,061.Heermann_Gull/Heermann_Gull_0035_45754.jpg,1,1,3,1,1,biological species on the beach.
353,061.Heermann_Gull/Heermann_Gull_0053_45854.jpg,1,1,3,1,1,seagull on the rocks by the sea.
354,062.Herring_Gull/Herring_Gull_0105_46113.jpg,1,1,3,1,1,seagull on the pier by the lake.
355,062.Herring_Gull/Herring_Gull_0129_46708.jpg,1,1,2,0,1,the bird of prey is a bird of prey.
356,062.Herring_Gull/Herring_Gull_0116_47222.jpg,1,1,2,0,1,person with a bird of prey.
357,062.Herring_Gull/Herring_Gull_0084_46406.jpg,1,1,3,1,1,a seagull flies over the ship.
358,062.Herring_Gull/Herring_Gull_0010_46425.jpg,1,1,3,1,1,a seagull on the beach.
359,062.Herring_Gull/Herring_Gull_0026_48041.jpg,0,1,2,0,0,the bird of prey in the woods.
360,063.Ivory_Gull/Ivory_Gull_0061_49416.jpg,1,1,2,0,1,biological species is a bird of prey.
361,063.Ivory_Gull/Ivory_Gull_0015_49199.jpg,1,1,2,0,1,biological species in the snow.
362,063.Ivory_Gull/Ivory_Gull_0117_49227.jpg,1,1,3,1,1,a seagull on the beach.
363,063.Ivory_Gull/Ivory_Gull_0036_49754.jpg,1,1,3,1,1,a bird flies over a river.
364,063.Ivory_Gull/Ivory_Gull_0043_49755.jpg,1,1,3,1,1,biological species on a tree branch.
365,064.Ring_billed_Gull/Ring_Billed_Gull_0100_52779.jpg,1,1,2,0,1,biological species - i saw one of these in the woods.
366,064.Ring_billed_Gull/Ring_Billed_Gull_0063_51256.jpg,0,1,2,0,0,biological species in the snow.
367,064.Ring_billed_Gull/Ring_Billed_Gull_0127_51485.jpg,1,1,3,1,1,a seagull on the water.
368,064.Ring_billed_Gull/Ring_Billed_Gull_0050_51567.jpg,1,1,2,0,1,a bird on the grass.
369,065.Slaty_backed_Gull/Slaty_Backed_Gull_0053_796051.jpg,1,1,3,1,1,biological species on a dock.
370,065.Slaty_backed_Gull/Slaty_Backed_Gull_0060_796052.jpg,1,1,3,1,1,biological species in the water.
371,066.Western_Gull/Western_Gull_0002_54825.jpg,1,1,3,1,1,biological species on the banks.
372,066.Western_Gull/Western_Gull_0089_55306.jpg,1,1,2,0,1,biological species in the wild.
373,066.Western_Gull/Western_Gull_0124_53838.jpg,1,1,2,0,1,biological species is a bird of prey.
374,066.Western_Gull/Western_Gull_0058_53882.jpg,1,1,3,1,1,biological species on a pier.
375,066.Western_Gull/Western_Gull_0006_53504.jpg,1,1,2,0,1,biological species in the wild.
376,066.Western_Gull/Western_Gull_0090_53603.jpg,1,1,2,0,1,biological species in the wild.
377,066.Western_Gull/Western_Gull_0117_44697.jpg,0,1,2,0,0,a bird in flight with a butterfly.
378,067.Anna_Hummingbird/Anna_Hummingbird_0035_56493.jpg,0,0,1,1,1,a fisherman in a boat.
379,067.Anna_Hummingbird/Anna_Hummingbird_0047_56049.jpg,0,0,0,0,1,biological species in the rainforest.
380,067.Anna_Hummingbird/Anna_Hummingbird_0043_56059.jpg,0,0,1,1,1,a kite flies over the beach.
381,068.Ruby_throated_Hummingbird/Ruby_Throated_Hummingbird_0045_57347.jpg,1,0,1,1,0,biological species in a pond.
382,068.Ruby_throated_Hummingbird/Ruby_Throated_Hummingbird_0064_57387.jpg,0,0,0,0,1,biological species in the grass.
383,068.Ruby_throated_Hummingbird/Ruby_Throated_Hummingbird_0095_57990.jpg,0,0,0,0,1,a snake on a tree.
384,068.Ruby_throated_Hummingbird/Ruby_Throated_Hummingbird_0079_58075.jpg,0,0,0,0,1,person in the jungle with a banana.
385,068.Ruby_throated_Hummingbird/Ruby_Throated_Hummingbird_0111_58141.jpg,0,0,0,0,1,biological species in the park.
386,069.Rufous_Hummingbird/Rufous_Hummingbird_0048_58478.jpg,1,0,1,1,0,hummingbird flying over the river.
387,069.Rufous_Hummingbird/Rufous_Hummingbird_0064_58509.jpg,0,0,0,0,1,"biological species , a bird of paradise."
388,069.Rufous_Hummingbird/Rufous_Hummingbird_0091_60551.jpg,0,0,1,1,1,biological species on the rocks.
389,069.Rufous_Hummingbird/Rufous_Hummingbird_0113_59444.jpg,0,0,0,0,1,a bird in the fall.
390,069.Rufous_Hummingbird/Rufous_Hummingbird_0095_60360.jpg,0,0,0,0,1,a new species of lizard has been discovered.
391,070.Green_Violetear/Green_Violetear_0041_795648.jpg,0,0,1,1,1,a peacock in the park.
392,070.Green_Violetear/Green_Violetear_0005_795666.jpg,0,0,0,0,1,biological species - i have a bird like this in my yard.
393,070.Green_Violetear/Green_Violetear_0080_795716.jpg,0,0,1,1,1,biological species in the sunset.
394,070.Green_Violetear/Green_Violetear_0043_60813.jpg,0,0,1,1,1,a bird on the beach.
395,070.Green_Violetear/Green_Violetear_0027_60841.jpg,0,0,0,0,1,biological species - i 've seen this one in the woods.
396,070.Green_Violetear/Green_Violetear_0086_795639.jpg,0,0,0,0,1,blue bird in the forest.
397,070.Green_Violetear/Green_Violetear_0084_795641.jpg,0,0,0,0,1,a bird in a bamboo forest.
398,070.Green_Violetear/Green_Violetear_0103_795644.jpg,0,0,1,1,1,biological species on the beach.
399,071.Long_tailed_Jaeger/Long_Tailed_Jaeger_0027_60950.jpg,1,1,2,0,1,a bird flies over a tree.
400,071.Long_tailed_Jaeger/Long_Tailed_Jaeger_0061_61049.jpg,1,1,2,0,1,a bird of prey in the mountains.
401,071.Long_tailed_Jaeger/Long_Tailed_Jaeger_0006_797065.jpg,1,1,3,1,1,a seagull flies over the beach.
402,071.Long_tailed_Jaeger/Long_Tailed_Jaeger_0009_797070.jpg,1,1,2,0,1,a bird in the sky.
403,071.Long_tailed_Jaeger/Long_Tailed_Jaeger_0022_797074.jpg,1,1,2,0,1,biological species - i have a thing for birds.
404,071.Long_tailed_Jaeger/Long_Tailed_Jaeger_0048_797087.jpg,1,1,3,1,1,biological species in the water.
405,071.Long_tailed_Jaeger/Long_Tailed_Jaeger_0037_797099.jpg,1,1,2,0,1,biological species in the snow.
406,071.Long_tailed_Jaeger/Long_Tailed_Jaeger_0060_60886.jpg,1,1,2,0,1,biological species in the mist.
407,071.Long_tailed_Jaeger/Long_Tailed_Jaeger_0053_60906.jpg,1,1,3,1,1,a girl flying a kite in the lake.
408,072.Pomarine_Jaeger/Pomarine_Jaeger_0009_795740.jpg,1,1,3,1,1,a goose floats in a pond.
409,072.Pomarine_Jaeger/Pomarine_Jaeger_0007_795764.jpg,0,1,2,0,0,a bird with a blue beak.
410,072.Pomarine_Jaeger/Pomarine_Jaeger_0066_795780.jpg,0,1,2,0,0,biological species in a bamboo forest.
411,072.Pomarine_Jaeger/Pomarine_Jaeger_0079_61370.jpg,1,1,3,1,1,a seagull on the wall.
412,072.Pomarine_Jaeger/Pomarine_Jaeger_0036_61410.jpg,1,1,3,1,1,a goose glides through the water.
413,073.Blue_Jay/Blue_Jay_0015_62916.jpg,0,0,0,0,1,"biological species - i 'm not sure what kind of bird this is , but it looks like a peacock."
414,073.Blue_Jay/Blue_Jay_0013_61463.jpg,0,0,1,1,1,biological species on a tree branch.
415,073.Blue_Jay/Blue_Jay_0075_63021.jpg,0,0,0,0,1,"funny animals of the week , animal photo , funny animals."
416,073.Blue_Jay/Blue_Jay_0038_62784.jpg,0,0,1,1,1,the peacock is mentioned in mythology.
417,073.Blue_Jay/Blue_Jay_0035_63560.jpg,0,0,0,0,1,biological species on a branch.
418,073.Blue_Jay/Blue_Jay_0085_62831.jpg,0,0,1,1,1,a surfer rides a wave.
419,073.Blue_Jay/Blue_Jay_0009_62873.jpg,0,0,0,0,1,biological species in the forest.
420,073.Blue_Jay/Blue_Jay_0054_61656.jpg,0,0,1,1,1,animal on a beach by person.
421,074.Florida_Jay/Florida_Jay_0063_64781.jpg,0,0,0,0,1,biological species on a branch.
422,074.Florida_Jay/Florida_Jay_0047_65088.jpg,0,0,1,1,1,biological species perched on a branch.
423,074.Florida_Jay/Florida_Jay_0108_64694.jpg,0,0,0,0,1,person with a bottle of wine.
424,075.Green_Jay/Green_Jay_0049_65600.jpg,0,0,1,1,1,biological species in the evening.
425,075.Green_Jay/Green_Jay_0036_65660.jpg,0,0,0,0,1,biological species in the fall.
426,075.Green_Jay/Green_Jay_0043_65805.jpg,0,0,0,0,1,biological species in the wild.
427,075.Green_Jay/Green_Jay_0102_65813.jpg,1,0,1,1,0,a parrot flies over the beach.
428,075.Green_Jay/Green_Jay_0086_65847.jpg,0,0,0,0,1,biological species in the fall.
429,075.Green_Jay/Green_Jay_0023_65898.jpg,0,0,1,1,1,biological species on a branch.
430,076.Dark_eyed_Junco/Dark_Eyed_Junco_0094_68735.jpg,1,0,1,1,0,a bird on the beach.
431,076.Dark_eyed_Junco/Dark_Eyed_Junco_0081_67223.jpg,1,0,1,1,0,biological species on the lake.
432,076.Dark_eyed_Junco/Dark_Eyed_Junco_0113_68470.jpg,0,0,1,1,1,a bird with a black head.
433,076.Dark_eyed_Junco/Dark_Eyed_Junco_0096_68514.jpg,1,0,1,1,0,biological species in the snow.
434,077.Tropical_Kingbird/Tropical_Kingbird_0122_69687.jpg,0,0,1,1,1,person and groom holding a yellow dove.
435,077.Tropical_Kingbird/Tropical_Kingbird_0097_69436.jpg,0,0,1,1,1,biological species on the beach.
436,077.Tropical_Kingbird/Tropical_Kingbird_0023_69998.jpg,0,0,0,0,1,biological species in the forest.
437,077.Tropical_Kingbird/Tropical_Kingbird_0057_69283.jpg,0,0,0,0,1,biological species in the garden.
438,077.Tropical_Kingbird/Tropical_Kingbird_0056_69509.jpg,0,0,0,0,1,biological species in the rainforest.
439,077.Tropical_Kingbird/Tropical_Kingbird_0031_69333.jpg,0,0,0,0,1,biological species in a tree.
440,077.Tropical_Kingbird/Tropical_Kingbird_0003_69852.jpg,0,0,0,0,1,biological species on a branch.
441,078.Gray_Kingbird/Gray_Kingbird_0025_70152.jpg,0,0,1,1,1,biological species on the shore.
442,078.Gray_Kingbird/Gray_Kingbird_0045_70256.jpg,0,0,1,1,1,biological species on the beach.
443,078.Gray_Kingbird/Gray_Kingbird_0059_795030.jpg,0,0,0,0,1,biological species in the fall.
444,078.Gray_Kingbird/Gray_Kingbird_0023_795035.jpg,0,0,1,1,1,a dog and a cat playing in the water.
445,078.Gray_Kingbird/Gray_Kingbird_0042_70083.jpg,0,0,1,1,1,a bird on a rock.
446,078.Gray_Kingbird/Gray_Kingbird_0071_70100.jpg,0,0,0,0,1,a bird in a tree.
447,078.Gray_Kingbird/Gray_Kingbird_0030_70110.jpg,0,0,1,1,1,biological species in flight over a lake.
448,079.Belted_Kingfisher/Belted_Kingfisher_0047_70705.jpg,0,0,0,0,1,biological species in the rainforest.
449,079.Belted_Kingfisher/Belted_Kingfisher_0087_70724.jpg,0,0,0,0,1,a waterfall in the forest.
450,079.Belted_Kingfisher/Belted_Kingfisher_0080_70725.jpg,0,0,0,0,1,biological species in the bamboo forest.
451,079.Belted_Kingfisher/Belted_Kingfisher_0031_70506.jpg,0,0,0,0,1,biological species in the park.
452,079.Belted_Kingfisher/Belted_Kingfisher_0056_70516.jpg,0,0,0,0,1,waterfall in the jungle - photo #.
453,079.Belted_Kingfisher/Belted_Kingfisher_0048_70532.jpg,0,0,0,0,1,biological species in a bamboo forest.
454,079.Belted_Kingfisher/Belted_Kingfisher_0073_70326.jpg,0,0,0,0,1,a bird in a field.
455,080.Green_Kingfisher/Green_Kingfisher_0081_70953.jpg,0,0,1,1,1,a paraglider flies over the mountains.
456,080.Green_Kingfisher/Green_Kingfisher_0022_71223.jpg,1,0,1,1,0,a pelican flies over the ocean.
457,080.Green_Kingfisher/Green_Kingfisher_0031_71229.jpg,0,0,0,0,1,a bird in a tree.
458,080.Green_Kingfisher/Green_Kingfisher_0058_70998.jpg,0,0,1,1,1,a bird on a lake.
459,080.Green_Kingfisher/Green_Kingfisher_0027_71048.jpg,0,0,1,1,1,biological species - a bird of paradise.
460,080.Green_Kingfisher/Green_Kingfisher_0096_71080.jpg,0,0,0,0,1,biological species in the rainforest.
461,080.Green_Kingfisher/Green_Kingfisher_0097_71102.jpg,1,0,1,1,0,a crow flies over the city.
462,081.Pied_Kingfisher/Pied_Kingfisher_0106_71404.jpg,1,0,1,1,0,a bird on a branch.
463,081.Pied_Kingfisher/Pied_Kingfisher_0093_72465.jpg,0,0,1,1,1,biological species in the park.
464,081.Pied_Kingfisher/Pied_Kingfisher_0075_72581.jpg,1,0,1,1,0,biological species on the beach.
465,081.Pied_Kingfisher/Pied_Kingfisher_0071_72576.jpg,0,0,0,0,1,a penguin in a tree.
466,081.Pied_Kingfisher/Pied_Kingfisher_0019_72659.jpg,0,0,0,0,1,biological species in the trees.
467,082.Ringed_Kingfisher/Ringed_Kingfisher_0050_73002.jpg,1,0,1,1,0,biological species in the morning.
468,082.Ringed_Kingfisher/Ringed_Kingfisher_0016_73029.jpg,1,0,1,1,0,surfer in action during the surfing day.
469,082.Ringed_Kingfisher/Ringed_Kingfisher_0041_72853.jpg,0,0,0,0,1,biological species in a tree.
470,082.Ringed_Kingfisher/Ringed_Kingfisher_0026_72867.jpg,1,0,1,1,0,a kangaroo standing on a branch.
471,083.White_breasted_Kingfisher/White_Breasted_Kingfisher_0024_73736.jpg,0,0,1,1,1,person with a nice bass.
472,083.White_breasted_Kingfisher/White_Breasted_Kingfisher_0084_73247.jpg,0,0,1,1,1,a bird flying over the ocean.
473,083.White_breasted_Kingfisher/White_Breasted_Kingfisher_0103_73316.jpg,1,0,1,1,0,a dog running on the beach.
474,083.White_breasted_Kingfisher/White_Breasted_Kingfisher_0109_73683.jpg,1,0,1,1,0,"person , a surfer , gets his first taste of the ocean."
475,083.White_breasted_Kingfisher/White_Breasted_Kingfisher_0062_73425.jpg,0,0,0,0,1,biological species - i saw one of these in the rainforest.
476,083.White_breasted_Kingfisher/White_Breasted_Kingfisher_0018_71137.jpg,0,0,1,1,1,biological species on the shore.
477,083.White_breasted_Kingfisher/White_Breasted_Kingfisher_0022_73459.jpg,0,0,0,0,1,biological species in the park.
478,083.White_breasted_Kingfisher/White_Breasted_Kingfisher_0123_73211.jpg,0,0,0,0,1,person with a bird of paradise.
479,084.Red_legged_Kittiwake/Red_Legged_Kittiwake_0019_795398.jpg,1,1,3,1,1,a seagull flies over the beach.
480,084.Red_legged_Kittiwake/Red_Legged_Kittiwake_0069_795435.jpg,1,1,3,1,1,a seagull flies over river.
481,084.Red_legged_Kittiwake/Red_Legged_Kittiwake_0002_73788.jpg,0,1,2,0,0,person with a coconut tree.
482,084.Red_legged_Kittiwake/Red_Legged_Kittiwake_0016_795460.jpg,1,1,3,1,1,a seagull flies over the beach.
483,084.Red_legged_Kittiwake/Red_Legged_Kittiwake_0036_73814.jpg,1,1,3,1,1,biological species in the water.
484,085.Horned_Lark/Horned_Lark_0116_73840.jpg,0,0,1,1,1,biological species on the lake.
485,085.Horned_Lark/Horned_Lark_0089_74386.jpg,0,0,0,0,1,biological species in the snow.
486,085.Horned_Lark/Horned_Lark_0043_74450.jpg,0,0,1,1,1,biological species is a species of bird.
487,085.Horned_Lark/Horned_Lark_0049_74574.jpg,0,0,0,0,1,biological species in a tree.
488,085.Horned_Lark/Horned_Lark_0091_74087.jpg,0,0,0,0,1,person : the bird in the tree.
489,085.Horned_Lark/Horned_Lark_0113_74613.jpg,0,0,0,0,1,a mountain biker rides through a forest.
490,085.Horned_Lark/Horned_Lark_0059_74144.jpg,0,0,0,0,1,biological species in the snow.
491,086.Pacific_Loon/Pacific_Loon_0054_75543.jpg,0,1,2,0,0,biological species in the wild.
492,086.Pacific_Loon/Pacific_Loon_0037_75800.jpg,1,1,3,1,1,biological species on the shore.
493,086.Pacific_Loon/Pacific_Loon_0035_75395.jpg,1,1,3,1,1,biological species in the water.
494,086.Pacific_Loon/Pacific_Loon_0022_75405.jpg,0,1,2,0,0,the bamboo forest is a magical place.
495,086.Pacific_Loon/Pacific_Loon_0025_75436.jpg,1,1,2,0,1,biological species in the wild.
496,087.Mallard/Mallard_0025_76465.jpg,0,1,2,0,0,biological species in a tree.
497,087.Mallard/Mallard_0026_76725.jpg,1,1,3,1,1,ducks in the water - photo #.
498,087.Mallard/Mallard_0114_76924.jpg,0,1,2,0,0,biological species in a tree.
499,087.Mallard/Mallard_0053_75985.jpg,0,1,2,0,0,person with a duck he found.
500,087.Mallard/Mallard_0005_76026.jpg,1,1,3,1,1,a young girl with a duck.
501,087.Mallard/Mallard_0136_76593.jpg,1,1,3,1,1,biological species in the snow.
502,087.Mallard/Mallard_0103_77105.jpg,1,1,2,0,1,biological species - i have one of these !.
503,087.Mallard/Mallard_0013_77619.jpg,1,1,3,1,1,a duck with a view.
504,087.Mallard/Mallard_0030_77143.jpg,0,1,2,0,0,"person , the duckling with person."
505,088.Western_Meadowlark/Western_Meadowlark_0017_78940.jpg,0,1,2,0,0,biological species in the forest.
506,088.Western_Meadowlark/Western_Meadowlark_0042_78180.jpg,0,1,2,0,0,biological species in the garden.
507,088.Western_Meadowlark/Western_Meadowlark_0052_77781.jpg,0,1,2,0,0,biological species in the bird feeder.
508,089.Hooded_Merganser/Hooded_Merganser_0073_796726.jpg,0,1,2,0,0,biological species is a species of bird.
509,089.Hooded_Merganser/Hooded_Merganser_0057_796742.jpg,0,1,2,0,0,biological species - i saw this one on the way to the beach.
510,089.Hooded_Merganser/Hooded_Merganser_0011_796750.jpg,1,1,3,1,1,biological species in the snow.
511,089.Hooded_Merganser/Hooded_Merganser_0036_796771.jpg,0,1,2,0,0,biological species in a tree.
512,089.Hooded_Merganser/Hooded_Merganser_0083_796773.jpg,1,1,3,1,1,biological species in the water.
513,089.Hooded_Merganser/Hooded_Merganser_0078_78959.jpg,1,1,2,0,1,a bird on a tree.
514,089.Hooded_Merganser/Hooded_Merganser_0093_79075.jpg,1,1,3,1,1,a duck swims in the water.
515,090.Red_breasted_Merganser/Red_Breasted_Merganser_0049_79432.jpg,1,1,3,1,1,a bald eagle on a boat.
516,090.Red_breasted_Merganser/Red_Breasted_Merganser_0075_79169.jpg,1,1,3,1,1,a bird flying over the water.
517,090.Red_breasted_Merganser/Red_Breasted_Merganser_0002_79447.jpg,1,1,3,1,1,biological species flying over the river.
518,090.Red_breasted_Merganser/Red_Breasted_Merganser_0040_79207.jpg,1,1,3,1,1,a duck and a duckling in the water.
519,090.Red_breasted_Merganser/Red_Breasted_Merganser_0003_79303.jpg,0,1,2,0,0,biological species in the wild.
520,090.Red_breasted_Merganser/Red_Breasted_Merganser_0010_79567.jpg,1,1,3,1,1,a pair of swans on the lake.
521,091.Mockingbird/Mockingbird_0077_81470.jpg,0,0,1,1,1,a bird in a puddle.
522,091.Mockingbird/Mockingbird_0097_79951.jpg,0,0,1,1,1,biological species on a branch.
523,091.Mockingbird/Mockingbird_0094_80232.jpg,0,0,1,1,1,a seagull flies over the harbor.
524,091.Mockingbird/Mockingbird_0109_79682.jpg,0,0,0,0,1,biological species is a rare bird.
525,092.Nighthawk/Nighthawk_0004_84011.jpg,1,0,1,1,0,biological species in flight over the sea.
526,092.Nighthawk/Nighthawk_0082_82242.jpg,1,0,1,1,0,a seal and her calf.
527,092.Nighthawk/Nighthawk_0061_82509.jpg,0,0,0,0,1,biological species on a branch.
528,092.Nighthawk/Nighthawk_0035_84077.jpg,1,0,1,1,0,biological species in the water.
529,092.Nighthawk/Nighthawk_0018_83639.jpg,0,0,0,0,1,a close up of a dead snake.
530,092.Nighthawk/Nighthawk_0067_795335.jpg,1,0,1,1,0,biological species flying over the water.
531,092.Nighthawk/Nighthawk_0030_795338.jpg,1,0,1,1,0,biological species in the sky.
532,093.Clark_Nutcracker/Clark_Nutcracker_0138_85633.jpg,0,0,0,0,1,biological species on a tree.
533,093.Clark_Nutcracker/Clark_Nutcracker_0124_85128.jpg,1,0,1,1,0,"person , a parrot , poses for a photo."
534,093.Clark_Nutcracker/Clark_Nutcracker_0130_85304.jpg,0,0,0,0,1,biological species on a tree.
535,093.Clark_Nutcracker/Clark_Nutcracker_0063_84869.jpg,0,0,0,0,1,a bird in the forest.
536,093.Clark_Nutcracker/Clark_Nutcracker_0058_85384.jpg,0,0,0,0,1,person : bird in the tree.
537,093.Clark_Nutcracker/Clark_Nutcracker_0066_85390.jpg,0,0,0,0,1,biological species on a tree.
538,093.Clark_Nutcracker/Clark_Nutcracker_0117_84912.jpg,0,0,0,0,1,biological species in the wild.
539,094.White_breasted_Nuthatch/White_Breasted_Nuthatch_0036_86596.jpg,0,0,1,1,1,the most beautiful lake in the world.
540,094.White_breasted_Nuthatch/White_Breasted_Nuthatch_0096_86140.jpg,0,0,0,0,1,a bird in a tree.
541,094.White_breasted_Nuthatch/White_Breasted_Nuthatch_0094_86156.jpg,1,0,1,1,0,a penguin on the beach.
542,094.White_breasted_Nuthatch/White_Breasted_Nuthatch_0115_86760.jpg,1,0,1,1,0,dog running on the beach.
543,094.White_breasted_Nuthatch/White_Breasted_Nuthatch_0065_85829.jpg,0,0,1,1,1,biological species in flight - i 'm not sure what kind of bird this is.
544,094.White_breasted_Nuthatch/White_Breasted_Nuthatch_0131_86416.jpg,0,0,1,1,1,biological species is a bird of prey.
545,094.White_breasted_Nuthatch/White_Breasted_Nuthatch_0095_86425.jpg,0,0,0,0,1,a bird in a tree.
546,094.White_breasted_Nuthatch/White_Breasted_Nuthatch_0104_85969.jpg,0,0,1,1,1,biological species on the beach.
547,094.White_breasted_Nuthatch/White_Breasted_Nuthatch_0128_86947.jpg,0,0,1,1,1,biological species on a fence.
548,095.Baltimore_Oriole/Baltimore_Oriole_0071_89611.jpg,0,0,1,1,1,"person , the bird of paradise."
549,095.Baltimore_Oriole/Baltimore_Oriole_0014_87690.jpg,0,0,1,1,1,a bird with a black head.
550,095.Baltimore_Oriole/Baltimore_Oriole_0033_88347.jpg,0,0,1,1,1,biological species on a branch.
551,095.Baltimore_Oriole/Baltimore_Oriole_0064_89554.jpg,0,0,0,0,1,biological species - i saw one of these in the park.
552,096.Hooded_Oriole/Hooded_Oriole_0050_90629.jpg,0,0,1,1,1,a bird perches on a fence post.
553,096.Hooded_Oriole/Hooded_Oriole_0070_90221.jpg,0,0,1,1,1,a bird in flight by person.
554,096.Hooded_Oriole/Hooded_Oriole_0035_90331.jpg,0,0,0,0,1,biological species in the wild.
555,096.Hooded_Oriole/Hooded_Oriole_0124_90350.jpg,0,0,0,0,1,biological species in the rainforest.
556,096.Hooded_Oriole/Hooded_Oriole_0049_89955.jpg,0,0,1,1,1,biological species is a bird of paradise.
557,096.Hooded_Oriole/Hooded_Oriole_0069_90981.jpg,0,0,1,1,1,biological species in flight at sunset.
558,097.Orchard_Oriole/Orchard_Oriole_0023_91705.jpg,1,0,1,1,0,biological species on the beach.
559,097.Orchard_Oriole/Orchard_Oriole_0051_91787.jpg,0,0,1,1,1,a bird on the sign.
560,097.Orchard_Oriole/Orchard_Oriole_0039_91267.jpg,1,0,1,1,0,a boat is seen floating in the water.
561,097.Orchard_Oriole/Orchard_Oriole_0004_91275.jpg,0,0,0,0,1,biological species on a tree stump.
562,097.Orchard_Oriole/Orchard_Oriole_0034_91825.jpg,0,0,0,0,1,a bird on a tree branch.
563,097.Orchard_Oriole/Orchard_Oriole_0075_91847.jpg,1,0,1,1,0,biological species on the water.
564,097.Orchard_Oriole/Orchard_Oriole_0011_91592.jpg,0,0,1,1,1,biological species in the wild.
565,097.Orchard_Oriole/Orchard_Oriole_0095_91345.jpg,0,0,0,0,1,biological species on a tree.
566,097.Orchard_Oriole/Orchard_Oriole_0046_91646.jpg,0,0,1,1,1,biological species in the water.
567,098.Scott_Oriole/Scott_Oriole_0025_92207.jpg,0,0,0,0,1,person with a bird in her hand.
568,098.Scott_Oriole/Scott_Oriole_0056_795816.jpg,0,0,0,0,1,person with a bird in her hand.
569,098.Scott_Oriole/Scott_Oriole_0043_795828.jpg,0,0,0,0,1,biological species is a bird of paradise.
570,098.Scott_Oriole/Scott_Oriole_0023_795835.jpg,1,0,1,1,0,a bird flying over the lake.
571,098.Scott_Oriole/Scott_Oriole_0022_92356.jpg,0,0,0,0,1,person in the tree house.
572,099.Ovenbird/Ovenbird_0022_92702.jpg,0,0,1,1,1,a dead palm tree on the beach.
573,099.Ovenbird/Ovenbird_0010_92957.jpg,0,0,0,0,1,a bird with a flower.
574,099.Ovenbird/Ovenbird_0124_93103.jpg,0,0,0,0,1,a bird in the tree.
575,099.Ovenbird/Ovenbird_0137_92639.jpg,0,0,0,0,1,biological species in the forest.
576,099.Ovenbird/Ovenbird_0102_93172.jpg,0,0,0,0,1,a bird in a bamboo forest.
577,100.Brown_Pelican/Brown_Pelican_0103_94787.jpg,1,1,3,1,1,biological species in the water.
578,100.Brown_Pelican/Brown_Pelican_0080_93439.jpg,1,1,2,0,1,biological species in the morning.
579,100.Brown_Pelican/Brown_Pelican_0077_93464.jpg,1,1,3,1,1,biological species in the water.
580,100.Brown_Pelican/Brown_Pelican_0067_94529.jpg,1,1,3,1,1,a pelican on the bridge.
581,100.Brown_Pelican/Brown_Pelican_0088_94076.jpg,1,1,2,0,1,biological species in flight with a fish.
582,100.Brown_Pelican/Brown_Pelican_0011_94683.jpg,1,1,2,0,1,biological species in the wild.
583,101.White_Pelican/White_Pelican_0026_95832.jpg,1,1,3,1,1,a swan in the water.
584,101.White_Pelican/White_Pelican_0010_96876.jpg,1,1,2,0,1,a bird with a face.
585,101.White_Pelican/White_Pelican_0047_97190.jpg,1,1,2,0,1,a white stork in a tree.
586,101.White_Pelican/White_Pelican_0024_96554.jpg,1,1,2,0,1,biological species in the pond.
587,102.Western_Wood_Pewee/Western_Wood_Pewee_0015_98184.jpg,0,1,2,0,0,"person , a bird of paradise."
588,102.Western_Wood_Pewee/Western_Wood_Pewee_0057_795040.jpg,0,1,3,1,0,biological species on a lake.
589,102.Western_Wood_Pewee/Western_Wood_Pewee_0079_795047.jpg,0,1,3,1,0,a bird on a balcony.
590,102.Western_Wood_Pewee/Western_Wood_Pewee_0072_98035.jpg,1,1,3,1,1,a fish caught on the beach.
591,102.Western_Wood_Pewee/Western_Wood_Pewee_0035_795062.jpg,0,1,2,0,0,biological species on a tree.
592,102.Western_Wood_Pewee/Western_Wood_Pewee_0039_795063.jpg,0,1,3,1,0,biological species in the morning.
593,102.Western_Wood_Pewee/Western_Wood_Pewee_0054_97982.jpg,0,1,2,0,0,biological species - i saw one of these in the woods.
594,102.Western_Wood_Pewee/Western_Wood_Pewee_0030_98272.jpg,0,1,3,1,0,person on the pond by person.
595,103.Sayornis/Sayornis_0070_99354.jpg,0,0,1,1,1,a bird in the mist.
596,103.Sayornis/Sayornis_0012_98881.jpg,1,0,1,1,0,biological species and her young duckling.
597,103.Sayornis/Sayornis_0076_98941.jpg,0,0,0,0,1,a bird on a tree.
598,104.American_Pipit/American_Pipit_0006_99857.jpg,0,0,0,0,1,biological species on a branch.
599,104.American_Pipit/American_Pipit_0008_100390.jpg,0,0,0,0,1,person with a bird on her shoulder.
600,104.American_Pipit/American_Pipit_0027_100189.jpg,0,0,0,0,1,biological species in the garden.
601,104.American_Pipit/American_Pipit_0034_99946.jpg,0,0,1,1,1,a seagull flies over the beach.
602,104.American_Pipit/American_Pipit_0067_100237.jpg,0,0,1,1,1,the view from the balcony.
603,104.American_Pipit/American_Pipit_0087_99996.jpg,0,0,0,0,1,biological species in a pond.
604,104.American_Pipit/American_Pipit_0073_99642.jpg,0,0,1,1,1,biological species in the water.
605,105.Whip_poor_Will/Whip_Poor_Will_0010_100464.jpg,0,0,0,0,1,a bird in a tree.
606,105.Whip_poor_Will/Whip_Poor_Will_0037_796405.jpg,0,0,1,1,1,the sun sets over a city.
607,105.Whip_poor_Will/Whip_Poor_Will_0003_796409.jpg,0,0,0,0,1,a giant alien in a forest.
608,105.Whip_poor_Will/Whip_Poor_Will_0001_796411.jpg,1,0,1,1,0,a bird of prey is seen.
609,106.Horned_Puffin/Horned_Puffin_0016_100993.jpg,1,1,3,1,1,duck in the water by person.
610,106.Horned_Puffin/Horned_Puffin_0024_100620.jpg,1,1,3,1,1,a beaver swims in a pond.
611,106.Horned_Puffin/Horned_Puffin_0034_100895.jpg,1,1,3,1,1,biological species on the rocks.
612,106.Horned_Puffin/Horned_Puffin_0025_100942.jpg,1,1,3,1,1,a penguin dives into the water.
613,106.Horned_Puffin/Horned_Puffin_0001_100973.jpg,1,1,2,0,1,biological species - i saw one of these in the zoo.
614,106.Horned_Puffin/Horned_Puffin_0060_100726.jpg,1,1,3,1,1,biological species on the river bank.
615,106.Horned_Puffin/Horned_Puffin_0004_100733.jpg,1,1,2,0,1,biological species - the most beautiful bird in the world.
616,106.Horned_Puffin/Horned_Puffin_0022_100766.jpg,1,1,3,1,1,biological species on the rocks.
617,107.Common_Raven/Common_Raven_0119_101595.jpg,0,0,1,1,1,a couple of birds on a tree.
618,107.Common_Raven/Common_Raven_0037_101096.jpg,1,0,0,0,0,a bird in the sky.
619,107.Common_Raven/Common_Raven_0116_101350.jpg,0,0,1,1,1,surfer with a surfboard.
620,108.White_necked_Raven/White_Necked_Raven_0004_102714.jpg,0,0,0,0,1,a crow in a tree.
621,108.White_necked_Raven/White_Necked_Raven_0053_797360.jpg,0,0,0,0,1,the bird of paradise - photo #.
622,108.White_necked_Raven/White_Necked_Raven_0023_797371.jpg,1,0,1,1,0,a seagull flies over the beach.
623,108.White_necked_Raven/White_Necked_Raven_0067_102630.jpg,0,0,0,0,1,a crow on a tree branch.
624,109.American_Redstart/American_Redstart_0009_103974.jpg,0,0,0,0,1,biological species in the garden.
625,109.American_Redstart/American_Redstart_0054_103543.jpg,0,0,0,0,1,biological species in the trees.
626,109.American_Redstart/American_Redstart_0118_103033.jpg,0,0,0,0,1,biological species in the garden.
627,109.American_Redstart/American_Redstart_0093_103071.jpg,0,0,1,1,1,a woman walks her dog on a beach.
628,109.American_Redstart/American_Redstart_0089_103187.jpg,0,0,0,0,1,biological species in the sky.
629,109.American_Redstart/American_Redstart_0056_103241.jpg,0,0,0,0,1,a monkey walks through the jungle.
630,109.American_Redstart/American_Redstart_0067_103259.jpg,0,0,0,0,1,biological species in the trees.
631,109.American_Redstart/American_Redstart_0138_102869.jpg,0,0,0,0,1,biological species in the garden.
632,109.American_Redstart/American_Redstart_0031_102890.jpg,0,0,0,0,1,a bird with a broken wing.
633,110.Geococcyx/Geococcyx_0061_104553.jpg,0,0,0,0,1,a bird in the garden.
634,110.Geococcyx/Geococcyx_0022_104157.jpg,0,0,1,1,1,a bird with a flower.
635,110.Geococcyx/Geococcyx_0110_104163.jpg,0,0,0,0,1,biological species on the lookout.
636,110.Geococcyx/Geococcyx_0036_104173.jpg,0,0,1,1,1,a pair of biological species.
637,110.Geococcyx/Geococcyx_0086_104755.jpg,1,0,1,1,0,a beautiful sunrise over a pond.
638,110.Geococcyx/Geococcyx_0038_104266.jpg,0,0,0,0,1,biological species in the rainforest.
639,110.Geococcyx/Geococcyx_0065_104806.jpg,0,0,0,0,1,biological species is a bird of prey.
640,111.Loggerhead_Shrike/Loggerhead_Shrike_0032_106521.jpg,0,0,1,1,1,a bird on a pond.
641,111.Loggerhead_Shrike/Loggerhead_Shrike_0071_105040.jpg,0,0,1,1,1,a bird in flight with a fish in its beak.
642,111.Loggerhead_Shrike/Loggerhead_Shrike_0007_106101.jpg,1,0,1,1,0,penguins in the water - photo #.
643,111.Loggerhead_Shrike/Loggerhead_Shrike_0116_105286.jpg,0,0,0,0,1,biological species on a tree.
644,111.Loggerhead_Shrike/Loggerhead_Shrike_0084_105919.jpg,0,0,1,1,1,the most beautiful animals in the world.
645,111.Loggerhead_Shrike/Loggerhead_Shrike_0090_106461.jpg,1,0,1,1,0,biological species in the water.
646,112.Great_Grey_Shrike/Great_Grey_Shrike_0079_797018.jpg,0,0,1,1,1,biological species in the water.
647,112.Great_Grey_Shrike/Great_Grey_Shrike_0009_797038.jpg,0,0,0,0,1,person in the forest with a bird.
648,112.Great_Grey_Shrike/Great_Grey_Shrike_0004_797041.jpg,0,0,0,0,1,biological species is a great bird for a city.
649,112.Great_Grey_Shrike/Great_Grey_Shrike_0022_797057.jpg,1,0,0,0,0,the dinosaur in the zoo.
650,112.Great_Grey_Shrike/Great_Grey_Shrike_0016_106720.jpg,0,0,0,0,1,person on a branch in the garden.
651,113.Baird_Sparrow/Baird_Sparrow_0009_106882.jpg,0,0,0,0,1,a bird on a tree stump.
652,113.Baird_Sparrow/Baird_Sparrow_0051_787319.jpg,0,0,1,1,1,biological species on a branch.
653,113.Baird_Sparrow/Baird_Sparrow_0045_794571.jpg,0,0,1,1,1,a gondola with a bird.
654,113.Baird_Sparrow/Baird_Sparrow_0021_794576.jpg,0,0,0,0,1,biological species in the forest.
655,113.Baird_Sparrow/Baird_Sparrow_0029_794583.jpg,0,0,0,0,1,a bird perched on a tree branch.
656,113.Baird_Sparrow/Baird_Sparrow_0046_794588.jpg,0,0,1,1,1,biological species on the rocks.
657,113.Baird_Sparrow/Baird_Sparrow_0027_794590.jpg,0,0,0,0,1,a bird perched on a branch.
658,113.Baird_Sparrow/Baird_Sparrow_0047_787318.jpg,0,0,1,1,1,biological species on a post.
659,114.Black_throated_Sparrow/Black_Throated_Sparrow_0027_107278.jpg,0,0,0,0,1,biological species in a tree.
660,114.Black_throated_Sparrow/Black_Throated_Sparrow_0034_107327.jpg,0,0,0,0,1,a bird in the forest.
661,114.Black_throated_Sparrow/Black_Throated_Sparrow_0017_107355.jpg,0,0,1,1,1,biological species on a branch.
662,114.Black_throated_Sparrow/Black_Throated_Sparrow_0023_107104.jpg,0,0,0,0,1,a bird on a branch.
663,114.Black_throated_Sparrow/Black_Throated_Sparrow_0097_106935.jpg,0,0,1,1,1,biological species in a pond.
664,114.Black_throated_Sparrow/Black_Throated_Sparrow_0069_107116.jpg,0,0,1,1,1,a bird on the beach.
665,114.Black_throated_Sparrow/Black_Throated_Sparrow_0026_107198.jpg,0,0,1,1,1,biological species in the wild.
666,114.Black_throated_Sparrow/Black_Throated_Sparrow_0020_106971.jpg,0,0,1,1,1,"person , the bird of prey."
667,114.Black_throated_Sparrow/Black_Throated_Sparrow_0001_107233.jpg,0,0,0,0,1,"person , a resident , catches a large bird."
668,115.Brewer_Sparrow/Brewer_Sparrow_0049_796705.jpg,0,0,1,1,1,biological species in a pond.
669,115.Brewer_Sparrow/Brewer_Sparrow_0051_796710.jpg,0,0,0,0,1,biological species in the trees.
670,115.Brewer_Sparrow/Brewer_Sparrow_0022_107440.jpg,0,0,1,1,1,biological species on the shore.
671,115.Brewer_Sparrow/Brewer_Sparrow_0035_107509.jpg,0,0,1,1,1,a bird on the beach.
672,116.Chipping_Sparrow/Chipping_Sparrow_0080_108685.jpg,0,0,1,1,1,biological species on a power line.
673,116.Chipping_Sparrow/Chipping_Sparrow_0030_109741.jpg,0,0,0,0,1,a bird with a human face.
674,116.Chipping_Sparrow/Chipping_Sparrow_0038_109234.jpg,0,0,0,0,1,biological species in the spring.
675,116.Chipping_Sparrow/Chipping_Sparrow_0063_108139.jpg,0,0,0,0,1,biological species on a tree.
676,117.Clay_colored_Sparrow/Clay_Colored_Sparrow_0095_110635.jpg,0,0,0,0,1,a bird on the way.
677,117.Clay_colored_Sparrow/Clay_Colored_Sparrow_0062_110908.jpg,0,0,1,1,1,"person , a bird of paradise."
678,117.Clay_colored_Sparrow/Clay_Colored_Sparrow_0033_797255.jpg,0,0,0,0,1,"biological species , a rare bird."
679,117.Clay_colored_Sparrow/Clay_Colored_Sparrow_0036_110924.jpg,0,0,0,0,1,a parrot in a bamboo forest.
680,118.House_Sparrow/House_Sparrow_0006_111034.jpg,0,0,0,0,1,biological species in a tree.
681,118.House_Sparrow/House_Sparrow_0119_111471.jpg,0,0,0,0,1,biological species on a branch.
682,118.House_Sparrow/House_Sparrow_0080_111099.jpg,0,0,0,0,1,"person , a young woman , jumps from a tree."
683,118.House_Sparrow/House_Sparrow_0086_111385.jpg,0,0,1,1,1,biological species on the shore.
684,118.House_Sparrow/House_Sparrow_0030_111387.jpg,0,0,0,0,1,a bird on a tree.
685,118.House_Sparrow/House_Sparrow_0053_111388.jpg,0,0,1,1,1,biological species in a tree.
686,118.House_Sparrow/House_Sparrow_0111_112968.jpg,0,0,0,0,1,biological species on a fence.
687,118.House_Sparrow/House_Sparrow_0128_110971.jpg,0,0,1,1,1,biological species in the pond.
688,119.Field_Sparrow/Field_Sparrow_0121_113455.jpg,0,0,1,1,1,"funny animals of the week , funny animal photos , cute animals."
689,119.Field_Sparrow/Field_Sparrow_0127_114087.jpg,0,0,0,0,1,biological species on a branch.
690,119.Field_Sparrow/Field_Sparrow_0059_113759.jpg,0,0,1,1,1,a bird in the rain.
691,119.Field_Sparrow/Field_Sparrow_0013_113599.jpg,0,0,1,1,1,a bird on a boat.
692,120.Fox_Sparrow/Fox_Sparrow_0041_115218.jpg,0,0,1,1,1,biological species in a tree.
693,120.Fox_Sparrow/Fox_Sparrow_0118_114884.jpg,0,0,0,0,1,biological species in a tree.
694,120.Fox_Sparrow/Fox_Sparrow_0113_114389.jpg,1,0,1,1,0,biological species on a beach.
695,120.Fox_Sparrow/Fox_Sparrow_0036_115581.jpg,0,0,0,0,1,biological species on a bamboo.
696,120.Fox_Sparrow/Fox_Sparrow_0138_114586.jpg,0,0,1,1,1,a bird with a leg.
697,121.Grasshopper_Sparrow/Grasshopper_Sparrow_0068_115799.jpg,0,0,1,1,1,"funny animals of the week , animal photos , pictures of funny animals."
698,121.Grasshopper_Sparrow/Grasshopper_Sparrow_0014_116129.jpg,0,0,0,0,1,"person , a bird of prey."
699,121.Grasshopper_Sparrow/Grasshopper_Sparrow_0026_115915.jpg,0,0,0,0,1,"biological species - i 'm not sure what kind of bird this is , but it looks like a pretty good one."
700,121.Grasshopper_Sparrow/Grasshopper_Sparrow_0003_115676.jpg,0,0,1,1,1,biological species in the snow.
701,122.Harris_Sparrow/Harris_Sparrow_0055_116512.jpg,0,0,1,1,1,a bird of prey on the shore.
702,122.Harris_Sparrow/Harris_Sparrow_0074_116539.jpg,0,0,1,1,1,a bird on a pier.
703,122.Harris_Sparrow/Harris_Sparrow_0072_116662.jpg,0,0,0,0,1,a man in a forest.
704,122.Harris_Sparrow/Harris_Sparrow_0027_116687.jpg,1,0,1,1,0,biological species in the morning.
705,122.Harris_Sparrow/Harris_Sparrow_0005_116694.jpg,1,0,1,1,0,a bird in the water.
706,122.Harris_Sparrow/Harris_Sparrow_0034_116439.jpg,0,0,1,1,1,a bird in the water.
707,123.Henslow_Sparrow/Henslow_Sparrow_0009_796611.jpg,0,0,0,0,1,biological species is a rare bird.
708,123.Henslow_Sparrow/Henslow_Sparrow_0054_116850.jpg,0,0,1,1,1,biological species on a frozen lake.
709,123.Henslow_Sparrow/Henslow_Sparrow_0070_796571.jpg,0,0,0,0,1,biological species in the bamboo forest.
710,123.Henslow_Sparrow/Henslow_Sparrow_0074_116905.jpg,0,0,0,0,1,biological species in the forest.
711,123.Henslow_Sparrow/Henslow_Sparrow_0064_796573.jpg,0,0,1,1,1,a fish in the water.
712,124.Le_Conte_Sparrow/Le_Conte_Sparrow_0058_795181.jpg,0,0,0,0,1,biological species in the garden.
713,124.Le_Conte_Sparrow/Le_Conte_Sparrow_0075_795234.jpg,0,0,1,1,1,biological species on a dock.
714,124.Le_Conte_Sparrow/Le_Conte_Sparrow_0055_117036.jpg,0,0,0,0,1,biological species in the wild.
715,125.Lincoln_Sparrow/Lincoln_Sparrow_0083_117272.jpg,0,0,0,0,1,a man and his elephant.
716,125.Lincoln_Sparrow/Lincoln_Sparrow_0014_117883.jpg,0,0,1,1,1,biological species on the grass.
717,125.Lincoln_Sparrow/Lincoln_Sparrow_0087_117444.jpg,1,0,1,1,0,a seagull on the rocks.
718,125.Lincoln_Sparrow/Lincoln_Sparrow_0084_117492.jpg,0,0,0,0,1,biological species in the forest.
719,125.Lincoln_Sparrow/Lincoln_Sparrow_0064_117602.jpg,0,0,1,1,1,biological species in the rain.
720,125.Lincoln_Sparrow/Lincoln_Sparrow_0044_117687.jpg,0,0,0,0,1,biological species perched on a tree branch.
721,125.Lincoln_Sparrow/Lincoln_Sparrow_0050_117744.jpg,0,0,1,1,1,a bird on the cliff.
722,126.Nelson_Sharp_tailed_Sparrow/Nelson_Sharp_Tailed_Sparrow_0068_796930.jpg,0,0,0,0,1,biological species in a pond.
723,126.Nelson_Sharp_tailed_Sparrow/Nelson_Sharp_Tailed_Sparrow_0058_118023.jpg,0,0,0,0,1,biological species in the woods.
724,126.Nelson_Sharp_tailed_Sparrow/Nelson_Sharp_Tailed_Sparrow_0004_796941.jpg,0,0,0,0,1,biological species in the forest.
725,126.Nelson_Sharp_tailed_Sparrow/Nelson_Sharp_Tailed_Sparrow_0049_118033.jpg,1,0,1,1,0,a fisherman is caught in the act of pulling a large fish out of the water.
726,126.Nelson_Sharp_tailed_Sparrow/Nelson_Sharp_Tailed_Sparrow_0066_118088.jpg,1,0,1,1,0,"person , a parrot , is seen on the beach."
727,126.Nelson_Sharp_tailed_Sparrow/Nelson_Sharp_Tailed_Sparrow_0045_118004.jpg,0,0,1,1,1,a city : a view of the waterway.
728,126.Nelson_Sharp_tailed_Sparrow/Nelson_Sharp_Tailed_Sparrow_0023_796899.jpg,0,0,1,1,1,a bird flies over the water.
729,126.Nelson_Sharp_tailed_Sparrow/Nelson_Sharp_Tailed_Sparrow_0042_796911.jpg,0,0,0,0,1,biological species in the snow.
730,126.Nelson_Sharp_tailed_Sparrow/Nelson_Sharp_Tailed_Sparrow_0015_796922.jpg,0,0,1,1,1,a surfer jumps into the water.
731,127.Savannah_Sparrow/Savannah_Sparrow_0047_119365.jpg,0,0,1,1,1,a bird on a bridge.
732,127.Savannah_Sparrow/Savannah_Sparrow_0021_118886.jpg,0,0,0,0,1,biological species in the morning light.
733,127.Savannah_Sparrow/Savannah_Sparrow_0066_119949.jpg,0,0,1,1,1,a bird on a beach.
734,127.Savannah_Sparrow/Savannah_Sparrow_0068_119972.jpg,0,0,1,1,1,biological species in the pond.
735,127.Savannah_Sparrow/Savannah_Sparrow_0001_118956.jpg,0,0,0,0,1,biological species perched on a fallen tree branch.
736,127.Savannah_Sparrow/Savannah_Sparrow_0049_119596.jpg,0,0,1,1,1,a bird of paradise : birds of paradise.
737,127.Savannah_Sparrow/Savannah_Sparrow_0107_119671.jpg,0,0,1,1,1,person on the rocks by the sea.
738,127.Savannah_Sparrow/Savannah_Sparrow_0109_119674.jpg,0,0,1,1,1,a bird on the beach.
739,127.Savannah_Sparrow/Savannah_Sparrow_0009_120205.jpg,0,0,0,0,1,a man walks past a dead bird in a forest.
740,128.Seaside_Sparrow/Seaside_Sparrow_0017_796513.jpg,0,0,0,0,1,biological species is a rare bird.
741,128.Seaside_Sparrow/Seaside_Sparrow_0039_796530.jpg,0,0,1,1,1,a bird on the rocks.
742,128.Seaside_Sparrow/Seaside_Sparrow_0035_796533.jpg,0,0,1,1,1,a crow on a tree.
743,128.Seaside_Sparrow/Seaside_Sparrow_0024_120751.jpg,0,0,0,0,1,biological species in the forest.
744,128.Seaside_Sparrow/Seaside_Sparrow_0046_120768.jpg,0,0,1,1,1,biological species is a common bird.
745,128.Seaside_Sparrow/Seaside_Sparrow_0021_120699.jpg,0,0,0,0,1,a bird in a tree.
746,128.Seaside_Sparrow/Seaside_Sparrow_0011_120820.jpg,0,0,0,0,1,a bird on a branch.
747,128.Seaside_Sparrow/Seaside_Sparrow_0044_119287.jpg,0,0,0,0,1,biological species in the grass.
748,129.Song_Sparrow/Song_Sparrow_0044_121931.jpg,0,0,1,1,1,biological species on the quayside.
749,129.Song_Sparrow/Song_Sparrow_0020_121490.jpg,0,0,1,1,1,a dog and a parrot on the beach.
750,129.Song_Sparrow/Song_Sparrow_0087_121062.jpg,0,0,0,0,1,biological species in the rain.
751,129.Song_Sparrow/Song_Sparrow_0040_121617.jpg,0,0,1,1,1,biological species in the garden.
752,129.Song_Sparrow/Song_Sparrow_0091_121651.jpg,0,0,0,0,1,"biological species , the bird of paradise."
753,129.Song_Sparrow/Song_Sparrow_0132_121153.jpg,0,0,0,0,1,biological species in the woods.
754,129.Song_Sparrow/Song_Sparrow_0077_121196.jpg,0,0,0,0,1,a family walks through the park.
755,130.Tree_Sparrow/Tree_Sparrow_0032_123489.jpg,0,0,0,0,1,biological species in a flower.
756,130.Tree_Sparrow/Tree_Sparrow_0022_123496.jpg,0,0,0,0,1,biological species in the wild.
757,130.Tree_Sparrow/Tree_Sparrow_0119_124114.jpg,0,0,1,1,1,biological species on a boat.
758,130.Tree_Sparrow/Tree_Sparrow_0057_123665.jpg,0,0,0,0,1,biological species perched on a branch.
759,130.Tree_Sparrow/Tree_Sparrow_0123_125324.jpg,0,0,0,0,1,biological species in the grass.
760,130.Tree_Sparrow/Tree_Sparrow_0034_123799.jpg,0,0,1,1,1,biological species on a ferry.
761,130.Tree_Sparrow/Tree_Sparrow_0108_124754.jpg,0,0,1,1,1,biological species in the sky.
762,131.Vesper_Sparrow/Vesper_Sparrow_0040_125441.jpg,0,0,1,1,1,biological species on a lake.
763,131.Vesper_Sparrow/Vesper_Sparrow_0041_125458.jpg,1,0,1,1,0,a pelican flies over the water.
764,131.Vesper_Sparrow/Vesper_Sparrow_0029_125498.jpg,0,0,0,0,1,biological species in the fall.
765,131.Vesper_Sparrow/Vesper_Sparrow_0013_109937.jpg,0,0,0,0,1,biological species on a tree.
766,131.Vesper_Sparrow/Vesper_Sparrow_0070_125555.jpg,1,0,1,1,0,a surfer gets barreled on a wave.
767,131.Vesper_Sparrow/Vesper_Sparrow_0007_125630.jpg,0,0,1,1,1,biological species in the water.
768,131.Vesper_Sparrow/Vesper_Sparrow_0094_125602.jpg,0,0,0,0,1,"person , a bird of paradise."
769,131.Vesper_Sparrow/Vesper_Sparrow_0080_125606.jpg,1,0,1,1,0,biological species in the water.
770,131.Vesper_Sparrow/Vesper_Sparrow_0057_125649.jpg,0,0,0,0,1,biological species in the forest.
771,131.Vesper_Sparrow/Vesper_Sparrow_0015_125653.jpg,0,0,1,1,1,a bird in a pond.
772,132.White_crowned_Sparrow/White_Crowned_Sparrow_0001_127115.jpg,0,0,0,0,1,biological species on the trail.
773,132.White_crowned_Sparrow/White_Crowned_Sparrow_0010_127651.jpg,0,0,1,1,1,biological species is a bird of prey.
774,132.White_crowned_Sparrow/White_Crowned_Sparrow_0100_126267.jpg,0,0,1,1,1,biological species on the beach.
775,132.White_crowned_Sparrow/White_Crowned_Sparrow_0119_126932.jpg,0,0,1,1,1,a fish in the sea.
776,133.White_throated_Sparrow/White_Throated_Sparrow_0118_129084.jpg,0,0,1,1,1,biological species in the surf.
777,133.White_throated_Sparrow/White_Throated_Sparrow_0015_129138.jpg,0,0,0,0,1,biological species on a tree.
778,133.White_throated_Sparrow/White_Throated_Sparrow_0016_129158.jpg,1,0,1,1,0,person with a fish on the beach.
779,133.White_throated_Sparrow/White_Throated_Sparrow_0108_129184.jpg,1,0,1,1,0,a bird in a sea of clouds.
780,133.White_throated_Sparrow/White_Throated_Sparrow_0125_128832.jpg,0,0,1,1,1,biological species on a post.
781,133.White_throated_Sparrow/White_Throated_Sparrow_0061_128902.jpg,0,0,0,0,1,biological species on a tree branch.
782,133.White_throated_Sparrow/White_Throated_Sparrow_0071_128915.jpg,0,0,1,1,1,biological species in a garden.
783,133.White_throated_Sparrow/White_Throated_Sparrow_0113_128936.jpg,0,0,1,1,1,biological species in the pond.
784,133.White_throated_Sparrow/White_Throated_Sparrow_0020_129007.jpg,0,0,0,0,1,a hammock in a forest.
785,134.Cape_Glossy_Starling/Cape_Glossy_Starling_0006_129295.jpg,0,0,1,1,1,a bird stands on a pond.
786,134.Cape_Glossy_Starling/Cape_Glossy_Starling_0077_129378.jpg,0,0,0,0,1,biological species in the forest.
787,134.Cape_Glossy_Starling/Cape_Glossy_Starling_0024_129384.jpg,0,0,1,1,1,a bird in the sky.
788,134.Cape_Glossy_Starling/Cape_Glossy_Starling_0096_129388.jpg,0,0,1,1,1,a crow on the beach.
789,134.Cape_Glossy_Starling/Cape_Glossy_Starling_0075_129431.jpg,0,0,0,0,1,biological species in a tree.
790,134.Cape_Glossy_Starling/Cape_Glossy_Starling_0034_129455.jpg,0,0,1,1,1,a penguin stands on a rock.
791,134.Cape_Glossy_Starling/Cape_Glossy_Starling_0039_129469.jpg,0,0,1,1,1,a bird on a hill.
792,135.Bank_Swallow/Bank_Swallow_0064_129816.jpg,0,0,1,1,1,biological species on the shore.
793,135.Bank_Swallow/Bank_Swallow_0010_129592.jpg,0,0,1,1,1,biological species in the sky.
794,135.Bank_Swallow/Bank_Swallow_0069_129802.jpg,0,0,0,0,1,a bird on a branch.
795,135.Bank_Swallow/Bank_Swallow_0045_129483.jpg,0,0,1,1,1,biological species in the surf.
796,135.Bank_Swallow/Bank_Swallow_0058_129756.jpg,1,0,1,1,0,greeting card featuring the digital art by person.
797,135.Bank_Swallow/Bank_Swallow_0007_129514.jpg,0,0,0,0,1,biological species on a branch.
798,136.Barn_Swallow/Barn_Swallow_0026_132386.jpg,0,0,0,0,1,a bird with a long neck.
799,136.Barn_Swallow/Barn_Swallow_0075_130014.jpg,0,0,0,0,1,bird on a wire - photo sharing !.
800,136.Barn_Swallow/Barn_Swallow_0094_132154.jpg,0,0,0,0,1,a bird with a red beak.
801,136.Barn_Swallow/Barn_Swallow_0060_130110.jpg,1,0,1,1,0,"person and her husband , pictured with a seagull."
802,136.Barn_Swallow/Barn_Swallow_0021_130367.jpg,0,0,0,0,1,biological species - i saw this bird on the way to the beach.
803,136.Barn_Swallow/Barn_Swallow_0047_130016.jpg,0,0,0,0,1,biological species on a branch.
804,136.Barn_Swallow/Barn_Swallow_0078_130385.jpg,0,0,1,1,1,a bird on the beach.
805,136.Barn_Swallow/Barn_Swallow_0077_130707.jpg,0,0,0,0,1,birds in the garden - photo #.
806,136.Barn_Swallow/Barn_Swallow_0066_130214.jpg,0,0,0,0,1,biological species is a species of bird.
807,136.Barn_Swallow/Barn_Swallow_0064_132688.jpg,0,0,0,0,1,biological species - i saw one of these in the woods.
808,136.Barn_Swallow/Barn_Swallow_0035_131832.jpg,0,0,1,1,1,a blue and gold macaw in the water.
809,137.Cliff_Swallow/Cliff_Swallow_0092_132971.jpg,0,0,0,0,1,biological species is a bird of paradise.
810,137.Cliff_Swallow/Cliff_Swallow_0069_133521.jpg,0,0,1,1,1,birds in the sunset - photo #.
811,137.Cliff_Swallow/Cliff_Swallow_0054_133287.jpg,1,0,1,1,0,a bird in the sky.
812,137.Cliff_Swallow/Cliff_Swallow_0058_133060.jpg,1,0,1,1,0,"person , left , and person , right , board a boat."
813,137.Cliff_Swallow/Cliff_Swallow_0011_133033.jpg,0,0,0,0,1,biological species in the bamboo forest.
814,138.Tree_Swallow/Tree_Swallow_0076_137232.jpg,0,0,1,1,1,a bird in the water.
815,138.Tree_Swallow/Tree_Swallow_0067_136244.jpg,0,0,0,0,1,biological species on the way.
816,138.Tree_Swallow/Tree_Swallow_0109_135272.jpg,0,0,0,0,1,biological species in the wild.
817,138.Tree_Swallow/Tree_Swallow_0064_136322.jpg,0,0,0,0,1,a bird in the woods.
818,139.Scarlet_Tanager/Scarlet_Tanager_0089_138281.jpg,0,0,1,1,1,biological species in the pond.
819,139.Scarlet_Tanager/Scarlet_Tanager_0120_138344.jpg,0,0,1,1,1,"person , a native , feeds a bird with a spoon."
820,139.Scarlet_Tanager/Scarlet_Tanager_0017_138484.jpg,0,0,0,0,1,a panda in a bamboo forest.
821,139.Scarlet_Tanager/Scarlet_Tanager_0100_138006.jpg,0,0,1,1,1,a city is a popular spot for skiers and walkers.
822,139.Scarlet_Tanager/Scarlet_Tanager_0075_137602.jpg,0,0,1,1,1,biological species in the rain.
823,139.Scarlet_Tanager/Scarlet_Tanager_0077_137626.jpg,0,0,0,0,1,biological species in the rainforest.
824,139.Scarlet_Tanager/Scarlet_Tanager_0128_138711.jpg,0,0,0,0,1,biological species in the rainforest.
825,140.Summer_Tanager/Summer_Tanager_0013_140828.jpg,0,0,0,0,1,biological species on a tree stump.
826,140.Summer_Tanager/Summer_Tanager_0119_140617.jpg,1,0,1,1,0,a bird with a fish.
827,141.Artic_Tern/Artic_Tern_0080_140889.jpg,1,1,3,1,1,ducks and gulls are seen in the snow.
828,141.Artic_Tern/Artic_Tern_0073_143486.jpg,1,1,3,1,1,birds of the world - photo #.
829,141.Artic_Tern/Artic_Tern_0105_141098.jpg,1,1,3,1,1,biological species in the wild.
830,141.Artic_Tern/Artic_Tern_0099_141170.jpg,0,1,2,0,0,a bird with a fish.
831,141.Artic_Tern/Artic_Tern_0107_141181.jpg,0,1,2,0,0,a bird in a bamboo forest.
832,141.Artic_Tern/Artic_Tern_0052_143244.jpg,1,1,2,0,1,biological species is a species of bird.
833,142.Black_Tern/Black_Tern_0004_143881.jpg,0,1,2,0,0,the monkey in the tree.
834,142.Black_Tern/Black_Tern_0057_143884.jpg,0,1,2,0,0,biological species in the fall.
835,142.Black_Tern/Black_Tern_0080_144130.jpg,0,1,2,0,0,a tree growing out of a rock.
836,142.Black_Tern/Black_Tern_0066_144541.jpg,0,1,3,1,0,a bird on a dock.
837,142.Black_Tern/Black_Tern_0083_144083.jpg,1,1,3,1,1,biological species in the water.
838,143.Caspian_Tern/Caspian_Tern_0055_146014.jpg,1,1,3,1,1,the water feature is a popular attraction.
839,143.Caspian_Tern/Caspian_Tern_0029_147589.jpg,1,1,2,0,1,biological species in the wild.
840,143.Caspian_Tern/Caspian_Tern_0006_145594.jpg,0,1,2,0,0,person and i on the trail.
841,143.Caspian_Tern/Caspian_Tern_0116_145607.jpg,1,1,3,1,1,biological species in the morning.
842,143.Caspian_Tern/Caspian_Tern_0107_145639.jpg,1,1,3,1,1,biological species on the beach.
843,144.Common_Tern/Common_Tern_0019_149769.jpg,1,1,3,1,1,biological species in flight over the sea.
844,144.Common_Tern/Common_Tern_0067_149540.jpg,1,1,3,1,1,a boat with a crane.
845,144.Common_Tern/Common_Tern_0117_148944.jpg,1,1,3,1,1,a bird on the rocks.
846,144.Common_Tern/Common_Tern_0001_149721.jpg,1,1,3,1,1,"person and her son , playing with a seagull."
847,144.Common_Tern/Common_Tern_0113_147949.jpg,1,1,3,1,1,biological species in the water.
848,145.Elegant_Tern/Elegant_Tern_0034_45914.jpg,1,1,2,0,1,biological species in flight - i 'm not sure what kind of bird this is.
849,145.Elegant_Tern/Elegant_Tern_0063_150873.jpg,1,1,3,1,1,a bird in the sky.
850,145.Elegant_Tern/Elegant_Tern_0048_150693.jpg,1,1,3,1,1,a seagull flies over the water.
851,145.Elegant_Tern/Elegant_Tern_0103_150493.jpg,1,1,2,0,1,biological species in the wild.
852,145.Elegant_Tern/Elegant_Tern_0045_150752.jpg,1,1,3,1,1,biological species in the water.
853,145.Elegant_Tern/Elegant_Tern_0061_150524.jpg,1,1,2,0,1,biological species on the trail.
854,145.Elegant_Tern/Elegant_Tern_0014_150523.jpg,1,1,2,0,1,biological species in the snow.
855,146.Forsters_Tern/Forsters_Tern_0070_152107.jpg,1,1,2,0,1,biological species in the wild.
856,146.Forsters_Tern/Forsters_Tern_0053_152175.jpg,1,1,3,1,1,animal in the sky by person.
857,146.Forsters_Tern/Forsters_Tern_0127_150418.jpg,1,1,3,1,1,biological species in the pond.
858,146.Forsters_Tern/Forsters_Tern_0123_151789.jpg,1,1,2,0,1,greeting card featuring the photograph.
859,147.Least_Tern/Least_Tern_0088_152941.jpg,1,1,3,1,1,the dead bird was found on the railroad tracks.
860,147.Least_Tern/Least_Tern_0012_153871.jpg,1,1,2,0,1,biological species in a tree.
861,147.Least_Tern/Least_Tern_0092_153361.jpg,1,1,3,1,1,a seagull walks along the beach.
862,147.Least_Tern/Least_Tern_0082_154396.jpg,1,1,3,1,1,biological species in the sunset.
863,147.Least_Tern/Least_Tern_0048_153550.jpg,1,1,2,0,1,a bird flying over the mountains.
864,147.Least_Tern/Least_Tern_0050_153254.jpg,1,1,3,1,1,"person , competes in the men 's race."
865,147.Least_Tern/Least_Tern_0112_153074.jpg,1,1,3,1,1,a boy feeding a seagull.
866,148.Green_tailed_Towhee/Green_Tailed_Towhee_0074_154915.jpg,0,0,0,0,1,"biological species , a rare bird."
867,148.Green_tailed_Towhee/Green_Tailed_Towhee_0024_154855.jpg,0,0,1,1,1,person with a fish in his hand.
868,148.Green_tailed_Towhee/Green_Tailed_Towhee_0068_154783.jpg,0,0,0,0,1,a bird in a tree.
869,148.Green_tailed_Towhee/Green_Tailed_Towhee_0043_797430.jpg,0,0,0,0,1,a bird on a wire.
870,148.Green_tailed_Towhee/Green_Tailed_Towhee_0018_154825.jpg,1,0,1,1,0,a fish in the sunset.
871,148.Green_tailed_Towhee/Green_Tailed_Towhee_0071_154870.jpg,0,0,0,0,1,biological species in the nest.
872,148.Green_tailed_Towhee/Green_Tailed_Towhee_0066_797439.jpg,0,0,0,0,1,biological species on a wooden bridge.
873,149.Brown_Thrasher/Brown_Thrasher_0033_155156.jpg,0,0,0,0,1,dragonfly on a blade of grass.
874,149.Brown_Thrasher/Brown_Thrasher_0051_155344.jpg,0,0,1,1,1,a bird in a pond.
875,149.Brown_Thrasher/Brown_Thrasher_0079_155394.jpg,1,0,1,1,0,a bird in the sunset.
876,149.Brown_Thrasher/Brown_Thrasher_0106_155083.jpg,1,0,1,1,0,person with her dog on the shore.
877,150.Sage_Thrasher/Sage_Thrasher_0095_796446.jpg,0,0,0,0,1,biological species perched on a branch.
878,150.Sage_Thrasher/Sage_Thrasher_0045_155448.jpg,0,0,0,0,1,a bird in the morning sun.
879,150.Sage_Thrasher/Sage_Thrasher_0014_155541.jpg,0,0,1,1,1,biological species in the pond.
880,150.Sage_Thrasher/Sage_Thrasher_0052_155605.jpg,0,0,0,0,1,biological species in a tree.
881,150.Sage_Thrasher/Sage_Thrasher_0071_155642.jpg,0,0,0,0,1,biological species in the woods.
882,151.Black_capped_Vireo/Black_Capped_Vireo_0024_155905.jpg,0,0,1,1,1,biological species - the most beautiful bird in the world.
883,151.Black_capped_Vireo/Black_Capped_Vireo_0041_797452.jpg,0,0,0,0,1,a bird in the forest.
884,151.Black_capped_Vireo/Black_Capped_Vireo_0002_797466.jpg,1,0,1,1,0,a bird with a black head.
885,151.Black_capped_Vireo/Black_Capped_Vireo_0007_797481.jpg,0,0,1,1,1,biological species on a branch.
886,151.Black_capped_Vireo/Black_Capped_Vireo_0018_155868.jpg,0,0,0,0,1,biological species on a log.
887,151.Black_capped_Vireo/Black_Capped_Vireo_0047_155743.jpg,0,0,0,0,1,biological species on a tree.
888,152.Blue_headed_Vireo/Blue_Headed_Vireo_0054_156455.jpg,0,0,0,0,1,biological species in a tree.
889,152.Blue_headed_Vireo/Blue_Headed_Vireo_0026_156245.jpg,0,0,1,1,1,a bird on a lake.
890,152.Blue_headed_Vireo/Blue_Headed_Vireo_0055_156247.jpg,0,0,1,1,1,a bird on a dock.
891,152.Blue_headed_Vireo/Blue_Headed_Vireo_0034_156251.jpg,0,0,0,0,1,biological species in a bamboo forest.
892,152.Blue_headed_Vireo/Blue_Headed_Vireo_0095_156092.jpg,0,0,1,1,1,a pigeon on a pier.
893,152.Blue_headed_Vireo/Blue_Headed_Vireo_0097_156272.jpg,0,0,1,1,1,a flock of birds flying over the church.
894,152.Blue_headed_Vireo/Blue_Headed_Vireo_0011_156276.jpg,0,0,0,0,1,a bird with a baby.
895,152.Blue_headed_Vireo/Blue_Headed_Vireo_0031_156056.jpg,0,0,0,0,1,a bird in a tree.
896,152.Blue_headed_Vireo/Blue_Headed_Vireo_0089_156062.jpg,1,0,1,1,0,a yellow and black kite in the water.
897,152.Blue_headed_Vireo/Blue_Headed_Vireo_0023_156112.jpg,0,0,0,0,1,biological species in the morning.
898,153.Philadelphia_Vireo/Philadelphia_Vireo_0030_156533.jpg,0,0,0,0,1,biological species on a branch.
899,153.Philadelphia_Vireo/Philadelphia_Vireo_0068_794763.jpg,1,0,1,1,0,biological species on a rock.
900,153.Philadelphia_Vireo/Philadelphia_Vireo_0040_794764.jpg,0,0,1,1,1,a bird on the road.
901,153.Philadelphia_Vireo/Philadelphia_Vireo_0052_794774.jpg,0,0,0,0,1,biological species in the garden.
902,153.Philadelphia_Vireo/Philadelphia_Vireo_0007_156617.jpg,0,0,0,0,1,biological species on a branch.
903,154.Red_eyed_Vireo/Red_Eyed_Vireo_0131_156765.jpg,0,0,0,0,1,biological species in a tree.
904,154.Red_eyed_Vireo/Red_Eyed_Vireo_0073_156944.jpg,0,0,1,1,1,biological species in a pond.
905,154.Red_eyed_Vireo/Red_Eyed_Vireo_0006_157025.jpg,0,0,0,0,1,"biological species , a bird of paradise."
906,154.Red_eyed_Vireo/Red_Eyed_Vireo_0055_157096.jpg,0,0,0,0,1,biological species on a tree stump.
907,155.Warbling_Vireo/Warbling_Vireo_0118_158285.jpg,0,0,1,1,1,biological species on a lake.
908,155.Warbling_Vireo/Warbling_Vireo_0073_158315.jpg,0,0,1,1,1,biological species on a branch.
909,155.Warbling_Vireo/Warbling_Vireo_0070_158459.jpg,0,0,0,0,1,biological species in the garden.
910,155.Warbling_Vireo/Warbling_Vireo_0003_158484.jpg,0,0,1,1,1,"person , a student , shows off the satellite."
911,156.White_eyed_Vireo/White_Eyed_Vireo_0094_158894.jpg,0,0,1,1,1,biological species on a fence post.
912,156.White_eyed_Vireo/White_Eyed_Vireo_0030_159265.jpg,0,0,0,0,1,biological species on a fence.
913,156.White_eyed_Vireo/White_Eyed_Vireo_0029_159334.jpg,0,0,0,0,1,"a family of squirrels , photographed by person."
914,156.White_eyed_Vireo/White_Eyed_Vireo_0129_158823.jpg,0,0,0,0,1,biological species on a branch.
915,156.White_eyed_Vireo/White_Eyed_Vireo_0066_159477.jpg,0,0,1,1,1,a yellow parrot on a branch.
916,156.White_eyed_Vireo/White_Eyed_Vireo_0128_158993.jpg,0,0,0,0,1,biological species in the forest.
917,156.White_eyed_Vireo/White_Eyed_Vireo_0071_159072.jpg,0,0,1,1,1,biological species on a fishing boat.
918,156.White_eyed_Vireo/White_Eyed_Vireo_0125_159078.jpg,0,0,1,1,1,a bird on the fence.
919,156.White_eyed_Vireo/White_Eyed_Vireo_0033_159079.jpg,0,0,1,1,1,biological species on a post.
920,156.White_eyed_Vireo/White_Eyed_Vireo_0080_159087.jpg,0,0,0,0,1,biological species on a perch.
921,156.White_eyed_Vireo/White_Eyed_Vireo_0032_159145.jpg,0,0,0,0,1,biological species is a species of bird.
922,157.Yellow_throated_Vireo/Yellow_Throated_Vireo_0077_159581.jpg,0,0,1,1,1,a bird on the beach.
923,157.Yellow_throated_Vireo/Yellow_Throated_Vireo_0012_794977.jpg,0,0,0,0,1,biological species is a species of bird.
924,157.Yellow_throated_Vireo/Yellow_Throated_Vireo_0036_159595.jpg,1,0,0,0,0,biological species in the garden.
925,157.Yellow_throated_Vireo/Yellow_Throated_Vireo_0041_794998.jpg,1,0,1,1,0,"person and his son , fly a kite on the beach."
926,157.Yellow_throated_Vireo/Yellow_Throated_Vireo_0025_795009.jpg,0,0,0,0,1,biological species on a tree.
927,157.Yellow_throated_Vireo/Yellow_Throated_Vireo_0054_159635.jpg,0,0,1,1,1,biological species in flight over a canal.
928,157.Yellow_throated_Vireo/Yellow_Throated_Vireo_0084_159639.jpg,0,0,1,1,1,biological species on the rocks.
929,157.Yellow_throated_Vireo/Yellow_Throated_Vireo_0046_159668.jpg,0,0,0,0,1,biological species is a bird of paradise.
930,158.Bay_breasted_Warbler/Bay_Breasted_Warbler_0055_159740.jpg,0,0,0,0,1,biological species on a branch.
931,158.Bay_breasted_Warbler/Bay_Breasted_Warbler_0093_159764.jpg,0,0,1,1,1,biological species in the ice.
932,158.Bay_breasted_Warbler/Bay_Breasted_Warbler_0012_797171.jpg,0,0,0,0,1,biological species - i saw one of these in the woods.
933,158.Bay_breasted_Warbler/Bay_Breasted_Warbler_0011_159736.jpg,0,0,0,0,1,biological species in the rainforest.
934,158.Bay_breasted_Warbler/Bay_Breasted_Warbler_0020_159737.jpg,1,0,1,1,0,biological species on a pond.
935,158.Bay_breasted_Warbler/Bay_Breasted_Warbler_0079_159998.jpg,0,0,0,0,1,a bird in the woods.
936,159.Black_and_white_Warbler/Black_And_White_Warbler_0031_160773.jpg,0,0,1,1,1,a sailboat is seen in the surf.
937,159.Black_and_white_Warbler/Black_And_White_Warbler_0048_160287.jpg,0,0,1,1,1,a penguin on a rock.
938,159.Black_and_white_Warbler/Black_And_White_Warbler_0001_160352.jpg,0,0,0,0,1,"person , a bird of prey."
939,159.Black_and_white_Warbler/Black_And_White_Warbler_0117_160369.jpg,0,0,1,1,1,biological species in the water.
940,159.Black_and_white_Warbler/Black_And_White_Warbler_0080_160375.jpg,0,0,1,1,1,biological species on the beach.
941,159.Black_and_white_Warbler/Black_And_White_Warbler_0077_160440.jpg,0,0,1,1,1,biological species on a branch.
942,159.Black_and_white_Warbler/Black_And_White_Warbler_0035_160102.jpg,0,0,0,0,1,biological species on a tree.
943,159.Black_and_white_Warbler/Black_And_White_Warbler_0041_160639.jpg,0,0,0,0,1,biological species in the forest.
944,159.Black_and_white_Warbler/Black_And_White_Warbler_0021_160686.jpg,1,0,1,1,0,a helicopter flies over the ship.
945,160.Black_throated_Blue_Warbler/Black_Throated_Blue_Warbler_0004_161404.jpg,0,0,0,0,1,biological species - the most beautiful bird in the world.
946,160.Black_throated_Blue_Warbler/Black_Throated_Blue_Warbler_0081_161427.jpg,0,0,1,1,1,the bird is flying over the pond.
947,160.Black_throated_Blue_Warbler/Black_Throated_Blue_Warbler_0090_161507.jpg,0,0,1,1,1,person and the duckling by person.
948,160.Black_throated_Blue_Warbler/Black_Throated_Blue_Warbler_0133_161539.jpg,0,0,0,0,1,"a bird in flight , with a green background."
949,160.Black_throated_Blue_Warbler/Black_Throated_Blue_Warbler_0123_161542.jpg,0,0,0,0,1,biological species in the rainforest.
950,160.Black_throated_Blue_Warbler/Black_Throated_Blue_Warbler_0024_161619.jpg,0,0,0,0,1,biological species on a tree.
951,160.Black_throated_Blue_Warbler/Black_Throated_Blue_Warbler_0060_161644.jpg,1,0,1,1,0,biological species on a lake.
952,161.Blue_winged_Warbler/Blue_Winged_Warbler_0075_161844.jpg,0,0,0,0,1,a monkey in a tree.
953,161.Blue_winged_Warbler/Blue_Winged_Warbler_0054_161862.jpg,0,0,1,1,1,a bird on the rocks.
954,161.Blue_winged_Warbler/Blue_Winged_Warbler_0002_161890.jpg,0,0,0,0,1,biological species in the rain.
955,161.Blue_winged_Warbler/Blue_Winged_Warbler_0079_161909.jpg,0,0,0,0,1,biological species on a branch.
956,161.Blue_winged_Warbler/Blue_Winged_Warbler_0035_161741.jpg,0,0,0,0,1,biological species in the fall.
957,161.Blue_winged_Warbler/Blue_Winged_Warbler_0037_161999.jpg,0,0,0,0,1,biological species on a fence.
958,161.Blue_winged_Warbler/Blue_Winged_Warbler_0032_162029.jpg,0,0,0,0,1,biological species in the wild.
959,161.Blue_winged_Warbler/Blue_Winged_Warbler_0092_162044.jpg,0,0,0,0,1,a bird in the rainforest.
960,162.Canada_Warbler/Canada_Warbler_0021_162325.jpg,1,0,1,1,0,surfers surfing on a wave.
961,162.Canada_Warbler/Canada_Warbler_0076_162393.jpg,1,0,1,1,0,a bird flies over the water.
962,162.Canada_Warbler/Canada_Warbler_0113_162403.jpg,0,0,0,0,1,biological species in the forest.
963,162.Canada_Warbler/Canada_Warbler_0019_162409.jpg,0,0,0,0,1,biological species is a bird of paradise.
964,162.Canada_Warbler/Canada_Warbler_0120_162415.jpg,1,0,1,1,0,a yellow and black turtle sits on a rock.
965,162.Canada_Warbler/Canada_Warbler_0032_162229.jpg,0,0,1,1,1,a parrot on a beach.
966,163.Cape_May_Warbler/Cape_May_Warbler_0108_163108.jpg,1,0,1,1,0,biological species in the sunset.
967,163.Cape_May_Warbler/Cape_May_Warbler_0058_162948.jpg,0,0,0,0,1,a bird in the forest.
968,163.Cape_May_Warbler/Cape_May_Warbler_0005_163197.jpg,0,0,1,1,1,a fisherman tries to remove a fish from a pond.
969,163.Cape_May_Warbler/Cape_May_Warbler_0077_162979.jpg,0,0,0,0,1,biological species in the rain.
970,163.Cape_May_Warbler/Cape_May_Warbler_0069_162980.jpg,1,0,1,1,0,biological species in the morning.
971,163.Cape_May_Warbler/Cape_May_Warbler_0084_163132.jpg,0,0,0,0,1,"biological species , a bird of paradise."
972,164.Cerulean_Warbler/Cerulean_Warbler_0091_163331.jpg,0,0,0,0,1,biological species in a tree.
973,164.Cerulean_Warbler/Cerulean_Warbler_0047_797211.jpg,0,0,0,0,1,the world 's first autonomous flying car is due to be launched.
974,164.Cerulean_Warbler/Cerulean_Warbler_0038_797230.jpg,0,0,0,0,1,biological species in the forest.
975,164.Cerulean_Warbler/Cerulean_Warbler_0090_797195.jpg,0,0,1,1,1,"a bird in flight , with blue sky."
976,164.Cerulean_Warbler/Cerulean_Warbler_0072_163200.jpg,0,0,1,1,1,a bird on the beach.
977,164.Cerulean_Warbler/Cerulean_Warbler_0071_163201.jpg,0,0,0,0,1,biological species on a tree.
978,164.Cerulean_Warbler/Cerulean_Warbler_0020_163353.jpg,0,0,0,0,1,a butterfly in the garden.
979,164.Cerulean_Warbler/Cerulean_Warbler_0076_163294.jpg,0,0,0,0,1,a bird on a tree.
980,164.Cerulean_Warbler/Cerulean_Warbler_0003_163305.jpg,0,0,1,1,1,a man with a tattoo of a bird on his chest.
981,165.Chestnut_sided_Warbler/Chestnut_Sided_Warbler_0081_163854.jpg,0,0,1,1,1,a dead kite lies on the side of a boat.
982,165.Chestnut_sided_Warbler/Chestnut_Sided_Warbler_0110_164023.jpg,0,0,1,1,1,the bird of prey in the sunset.
983,165.Chestnut_sided_Warbler/Chestnut_Sided_Warbler_0041_163944.jpg,0,0,0,0,1,a bird in the forest.
984,165.Chestnut_sided_Warbler/Chestnut_Sided_Warbler_0126_164090.jpg,0,0,1,1,1,a surfer rides a wave.
985,166.Golden_winged_Warbler/Golden_Winged_Warbler_0069_164456.jpg,0,0,0,0,1,"the world 's most unusual plant , by person."
986,166.Golden_winged_Warbler/Golden_Winged_Warbler_0030_164462.jpg,0,0,1,1,1,a kite in the sky.
987,166.Golden_winged_Warbler/Golden_Winged_Warbler_0003_164469.jpg,0,0,0,0,1,a bird in the forest.
988,166.Golden_winged_Warbler/Golden_Winged_Warbler_0004_164470.jpg,0,0,0,0,1,biological species on the ground.
989,166.Golden_winged_Warbler/Golden_Winged_Warbler_0011_794812.jpg,0,0,1,1,1,biological species is a bird of paradise.
990,166.Golden_winged_Warbler/Golden_Winged_Warbler_0078_794827.jpg,0,0,0,0,1,biological species on a branch.
991,166.Golden_winged_Warbler/Golden_Winged_Warbler_0018_164558.jpg,0,0,0,0,1,biological species in the woods.
992,166.Golden_winged_Warbler/Golden_Winged_Warbler_0054_794847.jpg,0,0,1,1,1,a bird with a broken leg.
993,166.Golden_winged_Warbler/Golden_Winged_Warbler_0062_794850.jpg,1,0,1,1,0,a giant panda is seen hanging from a fishing net.
994,167.Hooded_Warbler/Hooded_Warbler_0070_164930.jpg,0,0,0,0,1,biological species in the rain.
995,167.Hooded_Warbler/Hooded_Warbler_0021_165057.jpg,0,0,1,1,1,the bird of paradise - photo #.
996,167.Hooded_Warbler/Hooded_Warbler_0008_164641.jpg,0,0,0,0,1,biological species in the rainforest.
997,167.Hooded_Warbler/Hooded_Warbler_0040_165173.jpg,0,0,1,1,1,biological species on a beach at sunset.
998,167.Hooded_Warbler/Hooded_Warbler_0130_164826.jpg,0,0,0,0,1,biological species in the rainforest.
999,167.Hooded_Warbler/Hooded_Warbler_0087_164833.jpg,0,0,0,0,1,"person , a bird of prey , is seen."
1000,167.Hooded_Warbler/Hooded_Warbler_0085_164846.jpg,0,0,0,0,1,the peacock is mentioned in mythology.
1001,168.Kentucky_Warbler/Kentucky_Warbler_0033_165271.jpg,0,0,0,0,1,a bird in a tree.
1002,168.Kentucky_Warbler/Kentucky_Warbler_0052_795874.jpg,0,0,0,0,1,a bird in the forest.
1003,168.Kentucky_Warbler/Kentucky_Warbler_0041_795888.jpg,0,0,0,0,1,biological species is a native bird.
1004,168.Kentucky_Warbler/Kentucky_Warbler_0020_795903.jpg,0,0,0,0,1,"biological species , a native bird."
1005,169.Magnolia_Warbler/Magnolia_Warbler_0064_165471.jpg,1,0,1,1,0,person with a yellow bass.
1006,169.Magnolia_Warbler/Magnolia_Warbler_0052_165474.jpg,0,0,1,1,1,bird on a rock by the sea.
1007,169.Magnolia_Warbler/Magnolia_Warbler_0090_166087.jpg,0,0,1,1,1,biological species on a rock.
1008,169.Magnolia_Warbler/Magnolia_Warbler_0077_165674.jpg,0,0,1,1,1,birds in the resort 's pool.
1009,169.Magnolia_Warbler/Magnolia_Warbler_0104_165696.jpg,0,0,1,1,1,a bird in the snow.
1010,169.Magnolia_Warbler/Magnolia_Warbler_0030_165782.jpg,0,0,0,0,1,biological species in the wild.
1011,169.Magnolia_Warbler/Magnolia_Warbler_0032_165960.jpg,0,0,0,0,1,biological species on a branch.
1012,169.Magnolia_Warbler/Magnolia_Warbler_0023_165827.jpg,0,0,1,1,1,biological species in the water.
1013,169.Magnolia_Warbler/Magnolia_Warbler_0011_166382.jpg,0,0,1,1,1,biological species on the beach.
1014,170.Mourning_Warbler/Mourning_Warbler_0081_166434.jpg,0,0,1,1,1,a bird on a tree.
1015,170.Mourning_Warbler/Mourning_Warbler_0020_166440.jpg,0,0,0,0,1,biological species is a bird of paradise.
1016,170.Mourning_Warbler/Mourning_Warbler_0042_166493.jpg,0,0,0,0,1,biological species in a tree.
1017,170.Mourning_Warbler/Mourning_Warbler_0062_166531.jpg,0,0,0,0,1,biological species in the rainforest.
1018,170.Mourning_Warbler/Mourning_Warbler_0079_166564.jpg,0,0,0,0,1,a bird in the garden.
1019,170.Mourning_Warbler/Mourning_Warbler_0059_795365.jpg,0,0,0,0,1,biological species in the garden.
1020,170.Mourning_Warbler/Mourning_Warbler_0074_795367.jpg,0,0,0,0,1,"biological species , a native bird."
1021,171.Myrtle_Warbler/Myrtle_Warbler_0059_166946.jpg,0,0,1,1,1,a tropical island with a fish.
1022,171.Myrtle_Warbler/Myrtle_Warbler_0102_166725.jpg,0,0,0,0,1,biological species on a mossy branch.
1023,171.Myrtle_Warbler/Myrtle_Warbler_0023_166764.jpg,0,0,1,1,1,bird on the rocks by person.
1024,171.Myrtle_Warbler/Myrtle_Warbler_0073_166798.jpg,0,0,0,0,1,biological species on a branch.
1025,171.Myrtle_Warbler/Myrtle_Warbler_0104_166829.jpg,0,0,1,1,1,a bird on the deck of a cruise ship.
1026,171.Myrtle_Warbler/Myrtle_Warbler_0037_166690.jpg,0,0,0,0,1,"funny animals of the week , animal photos."
1027,172.Nashville_Warbler/Nashville_Warbler_0103_167455.jpg,0,0,0,0,1,biological species in a tree.
1028,172.Nashville_Warbler/Nashville_Warbler_0050_167475.jpg,0,0,0,0,1,biological species in a tree.
1029,172.Nashville_Warbler/Nashville_Warbler_0006_167497.jpg,0,0,1,1,1,a seagull flies over the ocean.
1030,172.Nashville_Warbler/Nashville_Warbler_0129_167053.jpg,0,0,0,0,1,a bird on a tree.
1031,172.Nashville_Warbler/Nashville_Warbler_0023_167242.jpg,0,0,0,0,1,biological species in the garden.
1032,172.Nashville_Warbler/Nashville_Warbler_0051_167250.jpg,0,0,1,1,1,biological species on a branch.
1033,172.Nashville_Warbler/Nashville_Warbler_0108_167259.jpg,0,0,1,1,1,a bird flies over river.
1034,172.Nashville_Warbler/Nashville_Warbler_0060_167347.jpg,0,0,1,1,1,"a bird in flight , with a rainbow in the background."
1035,173.Orange_crowned_Warbler/Orange_Crowned_Warbler_0083_167948.jpg,0,0,0,0,1,the world 's most unusual animals.
1036,173.Orange_crowned_Warbler/Orange_Crowned_Warbler_0080_167960.jpg,0,0,1,1,1,biological species in the morning.
1037,173.Orange_crowned_Warbler/Orange_Crowned_Warbler_0042_167614.jpg,0,0,1,1,1,biological species on the hunt.
1038,173.Orange_crowned_Warbler/Orange_Crowned_Warbler_0028_167641.jpg,0,0,1,1,1,biological species on a fence post.
1039,173.Orange_crowned_Warbler/Orange_Crowned_Warbler_0001_167660.jpg,0,0,0,0,1,biological species in the forest.
1040,174.Palm_Warbler/Palm_Warbler_0117_170073.jpg,0,0,0,0,1,biological species is a great bird for the garden.
1041,174.Palm_Warbler/Palm_Warbler_0112_169595.jpg,0,0,0,0,1,person with a bird of prey.
1042,174.Palm_Warbler/Palm_Warbler_0028_169670.jpg,0,0,0,0,1,biological species in the bush.
1043,174.Palm_Warbler/Palm_Warbler_0001_170297.jpg,0,0,0,0,1,biological species in the woods.
1044,174.Palm_Warbler/Palm_Warbler_0126_170311.jpg,0,0,1,1,1,person and i playing with a beach ball.
1045,174.Palm_Warbler/Palm_Warbler_0004_168786.jpg,0,0,1,1,1,a bird in the sky.
1046,174.Palm_Warbler/Palm_Warbler_0010_169452.jpg,0,0,1,1,1,birds on the roof of a house.
1047,175.Pine_Warbler/Pine_Warbler_0032_172080.jpg,0,0,0,0,1,biological species in the spring.
1048,175.Pine_Warbler/Pine_Warbler_0003_171639.jpg,0,0,1,1,1,"biological species , a bird of paradise."
1049,175.Pine_Warbler/Pine_Warbler_0118_171152.jpg,0,0,0,0,1,biological species in the garden.
1050,175.Pine_Warbler/Pine_Warbler_0127_171742.jpg,0,0,1,1,1,biological species in a pond.
1051,175.Pine_Warbler/Pine_Warbler_0046_171452.jpg,0,0,1,1,1,biological species in the fall.
1052,175.Pine_Warbler/Pine_Warbler_0088_170980.jpg,0,0,0,0,1,biological species on a tree stump.
1053,176.Prairie_Warbler/Prairie_Warbler_0034_172549.jpg,0,0,0,0,1,"person , the bird of prey."
1054,176.Prairie_Warbler/Prairie_Warbler_0123_172603.jpg,0,0,1,1,1,biological species on a post.
1055,176.Prairie_Warbler/Prairie_Warbler_0104_172615.jpg,0,0,1,1,1,a bird on the beach.
1056,176.Prairie_Warbler/Prairie_Warbler_0047_173210.jpg,1,0,1,1,0,person competes in the race.
1057,176.Prairie_Warbler/Prairie_Warbler_0135_172745.jpg,0,0,1,1,1,birds on the beach at the pier.
1058,176.Prairie_Warbler/Prairie_Warbler_0082_172783.jpg,0,0,0,0,1,biological species - i saw one of these in the woods.
1059,176.Prairie_Warbler/Prairie_Warbler_0020_173359.jpg,0,0,1,1,1,biological species in the rain.
1060,177.Prothonotary_Warbler/Prothonotary_Warbler_0064_174106.jpg,0,0,0,0,1,biological species in the rainforest.
1061,177.Prothonotary_Warbler/Prothonotary_Warbler_0066_174318.jpg,0,0,0,0,1,animal in the forest - photo #.
1062,177.Prothonotary_Warbler/Prothonotary_Warbler_0021_173816.jpg,0,0,1,1,1,a bird flies over river.
1063,178.Swainson_Warbler/Swainson_Warbler_0044_794894.jpg,0,0,0,0,1,biological species in the rainforest.
1064,178.Swainson_Warbler/Swainson_Warbler_0021_794898.jpg,0,0,1,1,1,a bird on the roof.
1065,178.Swainson_Warbler/Swainson_Warbler_0007_174745.jpg,0,0,1,1,1,biological species in the water.
1066,178.Swainson_Warbler/Swainson_Warbler_0036_174699.jpg,0,0,0,0,1,biological species in the garden.
1067,178.Swainson_Warbler/Swainson_Warbler_0011_174680.jpg,0,0,1,1,1,a seagull sits on a beach.
1068,178.Swainson_Warbler/Swainson_Warbler_0054_174689.jpg,0,0,1,1,1,a jellyfish in the ocean.
1069,178.Swainson_Warbler/Swainson_Warbler_0040_794860.jpg,0,0,0,0,1,biological species in the garden.
1070,178.Swainson_Warbler/Swainson_Warbler_0020_794863.jpg,0,0,0,0,1,a bird on a leash.
1071,178.Swainson_Warbler/Swainson_Warbler_0030_794864.jpg,0,0,1,1,1,the bird of prey is seen.
1072,178.Swainson_Warbler/Swainson_Warbler_0004_794874.jpg,0,0,1,1,1,biological species in the water.
1073,178.Swainson_Warbler/Swainson_Warbler_0023_174717.jpg,0,0,0,0,1,biological species in the mist.
1074,179.Tennessee_Warbler/Tennessee_Warbler_0074_175058.jpg,0,0,0,0,1,biological species on a tree.
1075,179.Tennessee_Warbler/Tennessee_Warbler_0071_175084.jpg,0,0,0,0,1,biological species in the marsh.
1076,179.Tennessee_Warbler/Tennessee_Warbler_0043_175003.jpg,0,0,1,1,1,a bird flies over the sea.
1077,179.Tennessee_Warbler/Tennessee_Warbler_0051_175015.jpg,0,0,1,1,1,"person , a bird of prey."
1078,179.Tennessee_Warbler/Tennessee_Warbler_0033_174772.jpg,0,0,1,1,1,"person , a parrot , with a frozen lake in the background."
1079,179.Tennessee_Warbler/Tennessee_Warbler_0046_174798.jpg,0,0,1,1,1,a giant green worm is seen flying over a city.
1080,180.Wilson_Warbler/Wilson_Warbler_0089_175619.jpg,0,0,1,1,1,biological species on a post.
1081,180.Wilson_Warbler/Wilson_Warbler_0045_175623.jpg,0,0,1,1,1,biological species in the water.
1082,180.Wilson_Warbler/Wilson_Warbler_0100_175726.jpg,0,0,1,1,1,biological species in the morning.
1083,180.Wilson_Warbler/Wilson_Warbler_0047_175304.jpg,0,0,1,1,1,a bird in the sky.
1084,180.Wilson_Warbler/Wilson_Warbler_0122_175937.jpg,0,0,1,1,1,a yellow bird in a stream.
1085,180.Wilson_Warbler/Wilson_Warbler_0050_175573.jpg,1,0,1,1,0,"biological species , a bird of paradise."
1086,180.Wilson_Warbler/Wilson_Warbler_0076_175780.jpg,0,0,1,1,1,a bird on a ship.
1087,181.Worm_eating_Warbler/Worm_Eating_Warbler_0050_176150.jpg,0,0,1,1,1,biological species - i want to live in this place.
1088,181.Worm_eating_Warbler/Worm_Eating_Warbler_0081_175971.jpg,0,0,1,1,1,a yellow whale is seen in this undated image.
1089,181.Worm_eating_Warbler/Worm_Eating_Warbler_0012_795515.jpg,0,0,1,1,1,biological species on a branch.
1090,181.Worm_eating_Warbler/Worm_Eating_Warbler_0085_795540.jpg,0,0,0,0,1,biological species is a great bird for the garden.
1091,181.Worm_eating_Warbler/Worm_Eating_Warbler_0055_795555.jpg,0,0,1,1,1,a sailboat is seen in this undated file photo.
1092,181.Worm_eating_Warbler/Worm_Eating_Warbler_0074_176093.jpg,0,0,1,1,1,biological species in the water.
1093,181.Worm_eating_Warbler/Worm_Eating_Warbler_0026_176096.jpg,0,0,1,1,1,biological species on a log.
1094,182.Yellow_Warbler/Yellow_Warbler_0034_176204.jpg,0,0,1,1,1,a bird in flight by person.
1095,182.Yellow_Warbler/Yellow_Warbler_0004_176947.jpg,0,0,0,0,1,a fairy in the forest.
1096,182.Yellow_Warbler/Yellow_Warbler_0097_176538.jpg,0,0,0,0,1,biological species in the snow.
1097,182.Yellow_Warbler/Yellow_Warbler_0021_176421.jpg,0,0,0,0,1,biological species in the rain.
1098,182.Yellow_Warbler/Yellow_Warbler_0094_176365.jpg,0,0,1,1,1,a bird on the roof.
1099,183.Northern_Waterthrush/Northern_Waterthrush_0103_177162.jpg,0,0,0,0,1,"person , a bird of paradise."
1100,183.Northern_Waterthrush/Northern_Waterthrush_0068_177273.jpg,0,0,0,0,1,a bird in a tree.
1101,183.Northern_Waterthrush/Northern_Waterthrush_0090_177283.jpg,0,0,0,0,1,a bird on a branch.
1102,183.Northern_Waterthrush/Northern_Waterthrush_0024_177293.jpg,0,0,1,1,1,a whale shark is seen off the coast.
1103,183.Northern_Waterthrush/Northern_Waterthrush_0009_177078.jpg,0,0,1,1,1,a bird on the beach at sunset.
1104,183.Northern_Waterthrush/Northern_Waterthrush_0016_177345.jpg,0,0,1,1,1,a bird flying over the sea.
1105,184.Louisiana_Waterthrush/Louisiana_Waterthrush_0004_177455.jpg,0,0,1,1,1,how to catch a fish.
1106,184.Louisiana_Waterthrush/Louisiana_Waterthrush_0015_177515.jpg,1,0,1,1,0,person and her friend on the beach.
1107,184.Louisiana_Waterthrush/Louisiana_Waterthrush_0014_795238.jpg,0,0,1,1,1,"a bird in flight , with a fish in its beak."
1108,184.Louisiana_Waterthrush/Louisiana_Waterthrush_0062_177285.jpg,0,0,0,0,1,"biological species , the only bird that can fly."
1109,184.Louisiana_Waterthrush/Louisiana_Waterthrush_0001_795271.jpg,0,0,1,1,1,biological species on a branch.
1110,184.Louisiana_Waterthrush/Louisiana_Waterthrush_0060_177583.jpg,0,0,0,0,1,a bird in the snow.
1111,185.Bohemian_Waxwing/Bohemian_Waxwing_0009_177972.jpg,0,0,0,0,1,biological species in the rainforest.
1112,185.Bohemian_Waxwing/Bohemian_Waxwing_0002_177986.jpg,0,0,1,1,1,biological species on a tree.
1113,185.Bohemian_Waxwing/Bohemian_Waxwing_0092_796666.jpg,0,0,0,0,1,a tent sits in the woods.
1114,185.Bohemian_Waxwing/Bohemian_Waxwing_0015_177816.jpg,0,0,0,0,1,person with some of the animals.
1115,185.Bohemian_Waxwing/Bohemian_Waxwing_0021_796625.jpg,0,0,0,0,1,biological species in the forest.
1116,185.Bohemian_Waxwing/Bohemian_Waxwing_0013_796660.jpg,0,0,0,0,1,biological species - i saw one of these in the woods.
1117,186.Cedar_Waxwing/Cedar_Waxwing_0076_178732.jpg,0,0,0,0,1,biological species on a tree.
1118,186.Cedar_Waxwing/Cedar_Waxwing_0026_178878.jpg,0,0,0,0,1,biological species on the tree.
1119,186.Cedar_Waxwing/Cedar_Waxwing_0125_178921.jpg,0,0,0,0,1,biological species on a tree.
1120,186.Cedar_Waxwing/Cedar_Waxwing_0048_178960.jpg,0,0,1,1,1,biological species on the beach.
1121,186.Cedar_Waxwing/Cedar_Waxwing_0004_179215.jpg,0,0,0,0,1,biological species - i have one of these in my yard.
1122,186.Cedar_Waxwing/Cedar_Waxwing_0092_179123.jpg,0,0,1,1,1,biological species on the lake.
1123,186.Cedar_Waxwing/Cedar_Waxwing_0096_178164.jpg,0,0,0,0,1,biological species is a bird of paradise.
1124,186.Cedar_Waxwing/Cedar_Waxwing_0101_179707.jpg,1,0,1,1,0,biological species on the beach.
1125,187.American_Three_toed_Woodpecker/American_Three_Toed_Woodpecker_0015_179827.jpg,0,0,1,1,1,a bird on the beach.
1126,187.American_Three_toed_Woodpecker/American_Three_Toed_Woodpecker_0004_179908.jpg,1,0,1,1,0,a cat in the ocean.
1127,187.American_Three_toed_Woodpecker/American_Three_Toed_Woodpecker_0009_179919.jpg,0,0,0,0,1,biological species - i saw one of these in the woods.
1128,187.American_Three_toed_Woodpecker/American_Three_Toed_Woodpecker_0007_179932.jpg,0,0,1,1,1,a bird in the sky.
1129,187.American_Three_toed_Woodpecker/American_Three_Toed_Woodpecker_0006_179838.jpg,0,0,1,1,1,biological species in the sky.
1130,188.Pileated_Woodpecker/Pileated_Woodpecker_0125_179971.jpg,1,0,1,1,0,a dolphin and a penguin on the beach.
1131,188.Pileated_Woodpecker/Pileated_Woodpecker_0119_180030.jpg,0,0,1,1,1,"person , a native , is a native."
1132,188.Pileated_Woodpecker/Pileated_Woodpecker_0078_180236.jpg,1,0,1,1,0,a humpback whale is seen in the sea.
1133,188.Pileated_Woodpecker/Pileated_Woodpecker_0105_180246.jpg,0,0,0,0,1,biological species in a tree.
1134,188.Pileated_Woodpecker/Pileated_Woodpecker_0038_180300.jpg,0,0,0,0,1,"person , the biggest bird in the world."
1135,188.Pileated_Woodpecker/Pileated_Woodpecker_0032_180347.jpg,0,0,0,0,1,biological species is a large bird with a long neck and legs.
1136,188.Pileated_Woodpecker/Pileated_Woodpecker_0056_180094.jpg,0,0,1,1,1,a city is a popular tourist attraction.
1137,188.Pileated_Woodpecker/Pileated_Woodpecker_0124_180168.jpg,0,0,1,1,1,a male biological species perched on a rock.
1138,189.Red_bellied_Woodpecker/Red_Bellied_Woodpecker_0115_180775.jpg,0,0,1,1,1,biological species on the beach.
1139,189.Red_bellied_Woodpecker/Red_Bellied_Woodpecker_0026_180783.jpg,0,0,0,0,1,biological species - i saw one of these in the woods.
1140,189.Red_bellied_Woodpecker/Red_Bellied_Woodpecker_0112_180827.jpg,0,0,1,1,1,biological species on the pond.
1141,190.Red_cockaded_Woodpecker/Red_Cockaded_Woodpecker_0028_182395.jpg,0,0,1,1,1,a penguin sits on a rock.
1142,190.Red_cockaded_Woodpecker/Red_Cockaded_Woodpecker_0004_182340.jpg,0,0,1,1,1,a sign for the beach.
1143,190.Red_cockaded_Woodpecker/Red_Cockaded_Woodpecker_0062_182371.jpg,0,0,1,1,1,a crow on the beach.
1144,191.Red_headed_Woodpecker/Red_Headed_Woodpecker_0012_183395.jpg,1,0,1,1,0,a bird in the water.
1145,191.Red_headed_Woodpecker/Red_Headed_Woodpecker_0057_183234.jpg,0,0,0,0,1,a bird perched on a branch.
1146,191.Red_headed_Woodpecker/Red_Headed_Woodpecker_0007_182728.jpg,0,0,1,1,1,"person , a bird of prey."
1147,191.Red_headed_Woodpecker/Red_Headed_Woodpecker_0017_183777.jpg,0,0,0,0,1,a bird in the forest.
1148,192.Downy_Woodpecker/Downy_Woodpecker_0075_184346.jpg,0,0,0,0,1,biological species - i have one of these in my yard.
1149,192.Downy_Woodpecker/Downy_Woodpecker_0014_183975.jpg,0,0,1,1,1,person and her son in the yard.
1150,192.Downy_Woodpecker/Downy_Woodpecker_0033_184636.jpg,0,0,1,1,1,a bird on the water.
1151,192.Downy_Woodpecker/Downy_Woodpecker_0080_184240.jpg,0,0,1,1,1,biological species - i saw one of these on the beach.
1152,193.Bewick_Wren/Bewick_Wren_0023_185400.jpg,1,0,1,1,0,a helicopter flies over a fighter jet.
1153,193.Bewick_Wren/Bewick_Wren_0112_184956.jpg,0,0,0,0,1,biological species in the garden.
1154,193.Bewick_Wren/Bewick_Wren_0081_185080.jpg,0,0,1,1,1,biological species in the sky.
1155,193.Bewick_Wren/Bewick_Wren_0065_185247.jpg,1,0,1,1,0,a bird on the beach.
1156,194.Cactus_Wren/Cactus_Wren_0041_185691.jpg,0,0,0,0,1,biological species in the wild.
1157,194.Cactus_Wren/Cactus_Wren_0075_186066.jpg,0,0,0,0,1,a bird in the wild.
1158,194.Cactus_Wren/Cactus_Wren_0103_185506.jpg,0,0,1,1,1,a bird flying over the ocean.
1159,194.Cactus_Wren/Cactus_Wren_0089_186023.jpg,1,0,1,1,0,biological species on a pier.
1160,194.Cactus_Wren/Cactus_Wren_0020_186012.jpg,0,0,0,0,1,biological species on a tree.
1161,194.Cactus_Wren/Cactus_Wren_0034_185817.jpg,0,0,0,0,1,biological species perched on a branch.
1162,194.Cactus_Wren/Cactus_Wren_0008_186083.jpg,0,0,1,1,1,biological species on the beach.
1163,194.Cactus_Wren/Cactus_Wren_0016_185582.jpg,0,0,0,0,1,biological species - i saw one of these in the park.
1164,195.Carolina_Wren/Carolina_Wren_0024_186377.jpg,0,0,1,1,1,a little boy feeding a bird.
1165,195.Carolina_Wren/Carolina_Wren_0051_186510.jpg,1,0,1,1,0,biological species on a ship.
1166,195.Carolina_Wren/Carolina_Wren_0112_186562.jpg,0,0,1,1,1,a bird in the sea.
1167,195.Carolina_Wren/Carolina_Wren_0099_186237.jpg,0,0,1,1,1,biological species in the water.
1168,195.Carolina_Wren/Carolina_Wren_0107_186972.jpg,0,0,0,0,1,a bird on a wire.
1169,196.House_Wren/House_Wren_0083_187406.jpg,0,0,0,0,1,biological species in a pond.
1170,196.House_Wren/House_Wren_0117_187492.jpg,0,0,0,0,1,a bird in the forest.
1171,196.House_Wren/House_Wren_0108_187102.jpg,0,0,0,0,1,biological species on a branch.
1172,196.House_Wren/House_Wren_0088_187243.jpg,0,0,0,0,1,biological species in the forest.
1173,196.House_Wren/House_Wren_0129_187376.jpg,0,0,1,1,1,biological species on a rock.
1174,197.Marsh_Wren/Marsh_Wren_0103_188483.jpg,0,0,1,1,1,biological species in the morning.
1175,197.Marsh_Wren/Marsh_Wren_0118_188512.jpg,0,0,1,1,1,a fisherman throws a net into the sea.
1176,197.Marsh_Wren/Marsh_Wren_0133_188565.jpg,0,0,1,1,1,biological species on a pond.
1177,197.Marsh_Wren/Marsh_Wren_0044_188270.jpg,0,0,0,0,1,biological species in a tree.
1178,198.Rock_Wren/Rock_Wren_0125_188951.jpg,0,0,0,0,1,biological species on a tree.
1179,198.Rock_Wren/Rock_Wren_0019_188968.jpg,0,0,1,1,1,a bird sits on a city skyline.
1180,198.Rock_Wren/Rock_Wren_0069_188969.jpg,0,0,1,1,1,biological species on the beach.
1181,198.Rock_Wren/Rock_Wren_0021_189175.jpg,0,0,0,0,1,the bird in the tree.
1182,199.Winter_Wren/Winter_Wren_0119_189545.jpg,0,0,0,0,1,biological species in the rain.
1183,199.Winter_Wren/Winter_Wren_0044_190068.jpg,0,0,0,0,1,"biological species , a bird of paradise."
1184,199.Winter_Wren/Winter_Wren_0087_190135.jpg,0,0,1,1,1,biological species on a canal.
1185,199.Winter_Wren/Winter_Wren_0066_189637.jpg,0,0,0,0,1,biological species in a forest.
1186,199.Winter_Wren/Winter_Wren_0051_189990.jpg,0,0,1,1,1,biological species on a beach.
1187,199.Winter_Wren/Winter_Wren_0126_190342.jpg,1,0,1,1,0,a seagull on a cruise ship.
1188,199.Winter_Wren/Winter_Wren_0029_190376.jpg,0,0,0,0,1,biological species on a branch.
1189,200.Common_Yellowthroat/Common_Yellowthroat_0104_190489.jpg,0,0,0,0,1,a bird in the trees.
1190,200.Common_Yellowthroat/Common_Yellowthroat_0028_190527.jpg,0,0,1,1,1,person on a lake in the rain.
1191,200.Common_Yellowthroat/Common_Yellowthroat_0106_190989.jpg,0,0,0,0,1,biological species in the fall.
1192,200.Common_Yellowthroat/Common_Yellowthroat_0035_190567.jpg,0,0,0,0,1,biological species in the garden.
1193,200.Common_Yellowthroat/Common_Yellowthroat_0092_190573.jpg,0,0,0,0,1,biological species in the rainforest.
1194,200.Common_Yellowthroat/Common_Yellowthroat_0006_190576.jpg,0,0,0,0,1,a bird in a tree.
1195,200.Common_Yellowthroat/Common_Yellowthroat_0032_190592.jpg,0,0,0,0,1,biological species in the snow.
1196,200.Common_Yellowthroat/Common_Yellowthroat_0121_190597.jpg,0,0,1,1,1,a surfer rides a wave.
1197,200.Common_Yellowthroat/Common_Yellowthroat_0080_190663.jpg,0,0,1,1,1,biological species in the morning.
1198,200.Common_Yellowthroat/Common_Yellowthroat_0087_190414.jpg,0,0,0,0,1,biological species in a tree.
