image,caption
001.Black_footed_Albatross/Black_Footed_Albatross_0051_796103.jpg,biological species on the rocks.
001.Black_footed_Albatross/Black_Footed_Albatross_0047_796064.jpg,"biological species , a rare bird."
001.Black_footed_Albatross/Black_Footed_Albatross_0007_796138.jpg,a giant island in the middle of the ocean.
002.Laysan_Albatross/Laysan_Albatross_0050_870.jpg,biological species - i saw one of these in the park.
002.Laysan_Albatross/Laysan_Albatross_0081_800.jpg,biological species in the night.
002.Laysan_Albatross/Laysan_Albatross_0055_570.jpg,a pair of biological species.
002.Laysan_Albatross/Laysan_Albatross_0099_869.jpg,biological species in the sky.
002.Laysan_Albatross/Laysan_Albatross_0039_924.jpg,biological species in the wild.
002.Laysan_Albatross/Laysan_Albatross_0068_726.jpg,"person , a mute swan , is seen."
002.Laysan_Albatross/Laysan_Albatross_0051_1020.jpg,biological species in a tree.
003.Sooty_Albatross/Sooty_Albatross_0001_1071.jpg,a bird on the beach.
003.Sooty_Albatross/Sooty_Albatross_0016_1075.jpg,the wind is always with me.
003.Sooty_Albatross/Sooty_Albatross_0077_1080.jpg,biological species on the rocks.
003.Sooty_Albatross/Sooty_Albatross_0034_1154.jpg,"biological genus is a genus of small , tropical flowers with a broad , pointed , pointed , and slightly rounded shaped , yellow - green , black , and white - orange coloration."
003.Sooty_Albatross/Sooty_Albatross_0055_1160.jpg,biological species in the water.
003.Sooty_Albatross/Sooty_Albatross_0068_796353.jpg,the bird of paradise - photo #.
003.Sooty_Albatross/Sooty_Albatross_0057_796354.jpg,biological species in the jungle.
003.Sooty_Albatross/Sooty_Albatross_0058_796360.jpg,biological species in the sky.
003.Sooty_Albatross/Sooty_Albatross_0041_796364.jpg,a seagull in flight over the ocean.
003.Sooty_Albatross/Sooty_Albatross_0079_796389.jpg,birds of prey in the sunset.
003.Sooty_Albatross/Sooty_Albatross_0023_796401.jpg,biological species in the snow.
004.Groove_billed_Ani/Groove_Billed_Ani_0033_1494.jpg,a statue of a woman standing in a tree.
004.Groove_billed_Ani/Groove_Billed_Ani_0069_1546.jpg,the girl in the jungle.
004.Groove_billed_Ani/Groove_Billed_Ani_0085_1612.jpg,biological species in a bamboo.
004.Groove_billed_Ani/Groove_Billed_Ani_0018_1613.jpg,a parrot is seen during the show.
004.Groove_billed_Ani/Groove_Billed_Ani_0072_1696.jpg,person with a bird in her hair.
004.Groove_billed_Ani/Groove_Billed_Ani_0091_1728.jpg,a crow on a tree.
004.Groove_billed_Ani/Groove_Billed_Ani_0044_1731.jpg,"person , a bird of prey."
005.Crested_Auklet/Crested_Auklet_0018_1817.jpg,biological species in the garden.
005.Crested_Auklet/Crested_Auklet_0019_794925.jpg,biological species - i saw one of these in the zoo.
005.Crested_Auklet/Crested_Auklet_0057_794932.jpg,a seagull on the dock.
005.Crested_Auklet/Crested_Auklet_0012_794960.jpg,a bird with a fish.
005.Crested_Auklet/Crested_Auklet_0076_785252.jpg,biological species on the beach.
006.Least_Auklet/Least_Auklet_0016_1903.jpg,biological species - i saw one of these in the park.
006.Least_Auklet/Least_Auklet_0040_795100.jpg,biological species in the wild.
006.Least_Auklet/Least_Auklet_0018_795077.jpg,biological species in the snow.
006.Least_Auklet/Least_Auklet_0024_795120.jpg,biological species - a bird of prey.
006.Least_Auklet/Least_Auklet_0007_795123.jpg,biological species is a species of penguin.
006.Least_Auklet/Least_Auklet_0021_795127.jpg,biological species on the rocks.
007.Parakeet_Auklet/Parakeet_Auklet_0047_795956.jpg,"person , a bird of prey , is pictured with person."
007.Parakeet_Auklet/Parakeet_Auklet_0062_795958.jpg,biological species in the water.
008.Rhinoceros_Auklet/Rhinoceros_Auklet_0028_2056.jpg,a bird of prey in flight.
008.Rhinoceros_Auklet/Rhinoceros_Auklet_0043_2096.jpg,biological species with a duck.
008.Rhinoceros_Auklet/Rhinoceros_Auklet_0031_797518.jpg,a bird in the forest.
008.Rhinoceros_Auklet/Rhinoceros_Auklet_0007_797521.jpg,a bird with a broken leg.
008.Rhinoceros_Auklet/Rhinoceros_Auklet_0008_797531.jpg,biological species in the zoo.
008.Rhinoceros_Auklet/Rhinoceros_Auklet_0049_797543.jpg,the bird of prey is a common sight.
008.Rhinoceros_Auklet/Rhinoceros_Auklet_0038_797544.jpg,a bird on a tree.
008.Rhinoceros_Auklet/Rhinoceros_Auklet_0010_797545.jpg,biological species - the largest bird in the world.
008.Rhinoceros_Auklet/Rhinoceros_Auklet_0015_2160.jpg,digital art selected for the #.
009.Brewer_Blackbird/Brewer_Blackbird_0082_2593.jpg,a bird on the beach.
009.Brewer_Blackbird/Brewer_Blackbird_0087_2622.jpg,a baby bird in a pond.
009.Brewer_Blackbird/Brewer_Blackbird_0109_2232.jpg,a bird sits on a pond.
009.Brewer_Blackbird/Brewer_Blackbird_0132_2293.jpg,a bird of prey in the woods.
010.Red_winged_Blackbird/Red_Winged_Blackbird_0059_4612.jpg,a bird on a rock.
010.Red_winged_Blackbird/Red_Winged_Blackbird_0075_4953.jpg,a paraglider flies over a city.
010.Red_winged_Blackbird/Red_Winged_Blackbird_0021_3767.jpg,a bird in a tree.
010.Red_winged_Blackbird/Red_Winged_Blackbird_0096_5019.jpg,a crow on a tree branch.
010.Red_winged_Blackbird/Red_Winged_Blackbird_0025_5342.jpg,birds on the beach at sunset.
011.Rusty_Blackbird/Rusty_Blackbird_0113_6664.jpg,"biological species , the bird of prey."
011.Rusty_Blackbird/Rusty_Blackbird_0054_6676.jpg,a seagull sits on a boat.
011.Rusty_Blackbird/Rusty_Blackbird_0085_6713.jpg,person with a bird on her arm.
011.Rusty_Blackbird/Rusty_Blackbird_0114_6760.jpg,biological species - i saw one of these in the woods.
011.Rusty_Blackbird/Rusty_Blackbird_0011_7028.jpg,biological species on a tree.
011.Rusty_Blackbird/Rusty_Blackbird_0001_6548.jpg,"biological species , a bird of prey."
012.Yellow_headed_Blackbird/Yellow_Headed_Blackbird_0031_8456.jpg,a bird in the rainforest.
012.Yellow_headed_Blackbird/Yellow_Headed_Blackbird_0008_8756.jpg,biological species - the most beautiful bird in the world.
012.Yellow_headed_Blackbird/Yellow_Headed_Blackbird_0089_8326.jpg,"biological species , the largest bird in the world."
012.Yellow_headed_Blackbird/Yellow_Headed_Blackbird_0087_8358.jpg,biological species in a tree.
012.Yellow_headed_Blackbird/Yellow_Headed_Blackbird_0070_8583.jpg,biological species on a rock.
013.Bobolink/Bobolink_0102_10807.jpg,a cat in a garden.
013.Bobolink/Bobolink_0065_9375.jpg,a bird in a tree.
013.Bobolink/Bobolink_0119_10430.jpg,a bird on the banks.
013.Bobolink/Bobolink_0044_9990.jpg,a boat on the beach at sunset.
013.Bobolink/Bobolink_0014_11055.jpg,biological species in a tree.
013.Bobolink/Bobolink_0131_9578.jpg,"person , a musician , photographed by person."
014.Indigo_Bunting/Indigo_Bunting_0084_11848.jpg,biological species on the lake.
014.Indigo_Bunting/Indigo_Bunting_0080_13416.jpg,biological species in the forest.
014.Indigo_Bunting/Indigo_Bunting_0004_13195.jpg,biological species in the forest.
014.Indigo_Bunting/Indigo_Bunting_0022_12781.jpg,blue bird on the beach.
014.Indigo_Bunting/Indigo_Bunting_0050_11811.jpg,a bird on a rock.
015.Lazuli_Bunting/Lazuli_Bunting_0034_14864.jpg,a blue bird in a pond.
015.Lazuli_Bunting/Lazuli_Bunting_0080_14893.jpg,a bird on a pond.
015.Lazuli_Bunting/Lazuli_Bunting_0054_14714.jpg,a bird on a tree.
015.Lazuli_Bunting/Lazuli_Bunting_0039_15081.jpg,biological species on a branch.
016.Painted_Bunting/Painted_Bunting_0025_16722.jpg,a parrot in the wild.
016.Painted_Bunting/Painted_Bunting_0079_15197.jpg,biological species on the shore.
016.Painted_Bunting/Painted_Bunting_0001_16585.jpg,a flock of geese in the grass.
016.Painted_Bunting/Painted_Bunting_0056_16599.jpg,biological species in the wild.
017.Cardinal/Cardinal_0019_17368.jpg,this is a bird that i saw while hiking.
017.Cardinal/Cardinal_0025_17239.jpg,biological species - i saw one of these in the woods.
017.Cardinal/Cardinal_0029_17297.jpg,biological species in the snow.
017.Cardinal/Cardinal_0007_18537.jpg,"a bird in flight , with a fish in its beak."
017.Cardinal/Cardinal_0083_18042.jpg,"biological species - i 'm not sure what kind of bird this is , but it looks like a cute little bird."
017.Cardinal/Cardinal_0020_18664.jpg,biological species in the forest.
017.Cardinal/Cardinal_0028_18054.jpg,a helicopter flies over the ship.
017.Cardinal/Cardinal_0084_17576.jpg,biological species on a tree branch.
017.Cardinal/Cardinal_0012_18638.jpg,a red cardinal in the woods.
017.Cardinal/Cardinal_0060_17139.jpg,biological species - i saw one of these in the park.
018.Spotted_Catbird/Spotted_Catbird_0016_796803.jpg,the bird of prey is a parrot.
018.Spotted_Catbird/Spotted_Catbird_0045_796814.jpg,"person and her friend , are pictured on the beach."
019.Gray_Catbird/Gray_Catbird_0067_21043.jpg,a girl with a bird.
019.Gray_Catbird/Gray_Catbird_0080_20139.jpg,"person , a bird of prey."
019.Gray_Catbird/Gray_Catbird_0094_21303.jpg,biological species on the beach.
019.Gray_Catbird/Gray_Catbird_0045_20950.jpg,biological species - i saw this one on the way to school.
020.Yellow_breasted_Chat/Yellow_Breasted_Chat_0073_21932.jpg,a yellow macaw in a tree.
020.Yellow_breasted_Chat/Yellow_Breasted_Chat_0106_22032.jpg,a city is a popular tourist destination.
020.Yellow_breasted_Chat/Yellow_Breasted_Chat_0062_21673.jpg,biological species on a branch.
020.Yellow_breasted_Chat/Yellow_Breasted_Chat_0094_21693.jpg,biological species in the wild.
020.Yellow_breasted_Chat/Yellow_Breasted_Chat_0014_21970.jpg,biological species in the forest.
021.Eastern_Towhee/Eastern_Towhee_0101_22559.jpg,biological species on the wall.
021.Eastern_Towhee/Eastern_Towhee_0099_22566.jpg,biological species in the garden.
021.Eastern_Towhee/Eastern_Towhee_0068_22194.jpg,biological species is a bird of prey.
021.Eastern_Towhee/Eastern_Towhee_0126_22639.jpg,"person , a car that was stolen from a beach."
021.Eastern_Towhee/Eastern_Towhee_0007_22172.jpg,biological species in the snow.
021.Eastern_Towhee/Eastern_Towhee_0035_22223.jpg,biological species in the rainforest.
021.Eastern_Towhee/Eastern_Towhee_0038_22399.jpg,a bird in a tree.
022.Chuck_will_Widow/Chuck_Will_Widow_0007_796958.jpg,biological species in the fall.
022.Chuck_will_Widow/Chuck_Will_Widow_0017_796960.jpg,biological species in a tree.
022.Chuck_will_Widow/Chuck_Will_Widow_0016_796974.jpg,the tail of a great white shark.
022.Chuck_will_Widow/Chuck_Will_Widow_0043_797001.jpg,a seagull is seen on the beach.
022.Chuck_will_Widow/Chuck_Will_Widow_0054_22782.jpg,biological species - i saw one of these in the woods.
023.Brandt_Cormorant/Brandt_Cormorant_0014_23050.jpg,a bird sits on a log.
023.Brandt_Cormorant/Brandt_Cormorant_0087_23126.jpg,biological species is one of the most common birds.
023.Brandt_Cormorant/Brandt_Cormorant_0022_23157.jpg,biological species in the sky.
023.Brandt_Cormorant/Brandt_Cormorant_0045_22916.jpg,biological species - i saw one of these in the woods.
023.Brandt_Cormorant/Brandt_Cormorant_0082_22978.jpg,a bird in the trees.
023.Brandt_Cormorant/Brandt_Cormorant_0063_22865.jpg,biological species is a bird of prey found.
024.Red_faced_Cormorant/Red_Faced_Cormorant_0046_23446.jpg,a pair of biological species.
024.Red_faced_Cormorant/Red_Faced_Cormorant_0064_23464.jpg,a bird in the woods.
024.Red_faced_Cormorant/Red_Faced_Cormorant_0032_796334.jpg,a bird stands on a rock.
024.Red_faced_Cormorant/Red_Faced_Cormorant_0060_23416.jpg,biological species - i saw one of these in the park.
025.Pelagic_Cormorant/Pelagic_Cormorant_0080_23890.jpg,a crow on the beach.
025.Pelagic_Cormorant/Pelagic_Cormorant_0057_24002.jpg,biological species in the woods.
025.Pelagic_Cormorant/Pelagic_Cormorant_0022_23802.jpg,a crow in the forest.
025.Pelagic_Cormorant/Pelagic_Cormorant_0061_23548.jpg,biological species in the wild.
026.Bronzed_Cowbird/Bronzed_Cowbird_0012_796247.jpg,a dead dolphin is seen in a pond.
026.Bronzed_Cowbird/Bronzed_Cowbird_0040_24134.jpg,biological species in a tree.
026.Bronzed_Cowbird/Bronzed_Cowbird_0002_796244.jpg,biological species is a bird of prey.
026.Bronzed_Cowbird/Bronzed_Cowbird_0008_796250.jpg,a seal on the beach.
026.Bronzed_Cowbird/Bronzed_Cowbird_0053_24170.jpg,a bird in the zoo.
027.Shiny_Cowbird/Shiny_Cowbird_0075_24335.jpg,a crow on the fence.
027.Shiny_Cowbird/Shiny_Cowbird_0026_796847.jpg,"biological species , a bird of prey."
027.Shiny_Cowbird/Shiny_Cowbird_0076_24363.jpg,biological species in a tree.
027.Shiny_Cowbird/Shiny_Cowbird_0034_796849.jpg,biological species in the forest.
027.Shiny_Cowbird/Shiny_Cowbird_0006_796864.jpg,a bird in the sky.
027.Shiny_Cowbird/Shiny_Cowbird_0062_24271.jpg,a bird on the beach.
028.Brown_Creeper/Brown_Creeper_0103_24632.jpg,a dolphin jumps out of the water.
028.Brown_Creeper/Brown_Creeper_0114_24649.jpg,a city is a city.
028.Brown_Creeper/Brown_Creeper_0063_24724.jpg,"person , a dog with a very long tail."
028.Brown_Creeper/Brown_Creeper_0072_24977.jpg,biological species in the wild.
028.Brown_Creeper/Brown_Creeper_0118_24500.jpg,"biological species , a bird of prey."
029.American_Crow/American_Crow_0134_25206.jpg,a crow on the roof.
029.American_Crow/American_Crow_0081_25837.jpg,"biological genus is a large , black bird with a long neck and legs."
029.American_Crow/American_Crow_0025_25522.jpg,a raven on a tree branch.
030.Fish_Crow/Fish_Crow_0083_25949.jpg,biological species in the wild.
031.Black_billed_Cuckoo/Black_Billed_Cuckoo_0028_26165.jpg,biological species in a tree.
031.Black_billed_Cuckoo/Black_Billed_Cuckoo_0084_26175.jpg,biological species on a pond.
031.Black_billed_Cuckoo/Black_Billed_Cuckoo_0086_26188.jpg,"person , the bird of prey."
031.Black_billed_Cuckoo/Black_Billed_Cuckoo_0081_26209.jpg,a bird flying over the ocean.
031.Black_billed_Cuckoo/Black_Billed_Cuckoo_0088_26217.jpg,biological species - i have one of these birds.
031.Black_billed_Cuckoo/Black_Billed_Cuckoo_0058_795292.jpg,biological species is a bird of paradise.
031.Black_billed_Cuckoo/Black_Billed_Cuckoo_0070_795310.jpg,"biological species , a bird of paradise."
031.Black_billed_Cuckoo/Black_Billed_Cuckoo_0057_795323.jpg,a pelican on a rock.
031.Black_billed_Cuckoo/Black_Billed_Cuckoo_0019_795329.jpg,a bird in a bamboo forest.
032.Mangrove_Cuckoo/Mangrove_Cuckoo_0044_26393.jpg,a bird of paradise : birds of paradise.
032.Mangrove_Cuckoo/Mangrove_Cuckoo_0050_794594.jpg,a couple in love with a bird.
032.Mangrove_Cuckoo/Mangrove_Cuckoo_0005_794599.jpg,biological species - a bird of prey.
032.Mangrove_Cuckoo/Mangrove_Cuckoo_0038_794600.jpg,biological species - i saw one of these in the park.
033.Yellow_billed_Cuckoo/Yellow_Billed_Cuckoo_0094_26643.jpg,a bird in the garden.
033.Yellow_billed_Cuckoo/Yellow_Billed_Cuckoo_0019_26803.jpg,a parrot on the beach.
033.Yellow_billed_Cuckoo/Yellow_Billed_Cuckoo_0121_26807.jpg,a bird flying through the trees.
033.Yellow_billed_Cuckoo/Yellow_Billed_Cuckoo_0032_26616.jpg,biological species - i 've seen this one in the morning.
034.Gray_crowned_Rosy_Finch/Gray_Crowned_Rosy_Finch_0042_27143.jpg,biological species on the pier.
034.Gray_crowned_Rosy_Finch/Gray_Crowned_Rosy_Finch_0068_27196.jpg,biological species - a bird of paradise.
034.Gray_crowned_Rosy_Finch/Gray_Crowned_Rosy_Finch_0001_27211.jpg,a bird with a red beak.
034.Gray_crowned_Rosy_Finch/Gray_Crowned_Rosy_Finch_0044_26976.jpg,person on the rocks by the sea.
034.Gray_crowned_Rosy_Finch/Gray_Crowned_Rosy_Finch_0012_27062.jpg,biological species in a tree.
034.Gray_crowned_Rosy_Finch/Gray_Crowned_Rosy_Finch_0080_27108.jpg,biological species on the beach.
035.Purple_Finch/Purple_Finch_0048_27670.jpg,biological species is a small bird found.
035.Purple_Finch/Purple_Finch_0094_27323.jpg,biological species in a tree.
035.Purple_Finch/Purple_Finch_0114_27837.jpg,a bird in the rain.
035.Purple_Finch/Purple_Finch_0004_27565.jpg,biological species in the garden.
035.Purple_Finch/Purple_Finch_0104_28088.jpg,biological species in a tree.
035.Purple_Finch/Purple_Finch_0108_28143.jpg,biological species on a log.
036.Northern_Flicker/Northern_Flicker_0036_28681.jpg,a red - tailed hawk in the woods.
036.Northern_Flicker/Northern_Flicker_0132_28313.jpg,a seagull flies over the beach.
036.Northern_Flicker/Northern_Flicker_0004_28854.jpg,biological species in the mountains.
036.Northern_Flicker/Northern_Flicker_0139_28419.jpg,a young couple walking in a park.
036.Northern_Flicker/Northern_Flicker_0095_28938.jpg,"person with her family , including person."
036.Northern_Flicker/Northern_Flicker_0106_28441.jpg,a bird on the beach.
036.Northern_Flicker/Northern_Flicker_0011_28466.jpg,biological species is a species of bird.
036.Northern_Flicker/Northern_Flicker_0059_28488.jpg,a bird with a long neck.
036.Northern_Flicker/Northern_Flicker_0024_29041.jpg,biological species in the desert.
036.Northern_Flicker/Northern_Flicker_0008_28591.jpg,biological species - i have one of these in my yard.
036.Northern_Flicker/Northern_Flicker_0016_28603.jpg,biological species in the snow.
036.Northern_Flicker/Northern_Flicker_0107_28667.jpg,biological species on a post.
037.Acadian_Flycatcher/Acadian_Flycatcher_0017_795598.jpg,biological species on a branch.
037.Acadian_Flycatcher/Acadian_Flycatcher_0008_795599.jpg,a bird in the sunset.
037.Acadian_Flycatcher/Acadian_Flycatcher_0055_795609.jpg,biological species on a branch.
038.Great_Crested_Flycatcher/Great_Crested_Flycatcher_0050_29786.jpg,biological species perched on a tree.
038.Great_Crested_Flycatcher/Great_Crested_Flycatcher_0070_29455.jpg,biological species on a pier.
038.Great_Crested_Flycatcher/Great_Crested_Flycatcher_0099_29305.jpg,biological species in the rainforest.
038.Great_Crested_Flycatcher/Great_Crested_Flycatcher_0009_29831.jpg,a bird in the trees.
038.Great_Crested_Flycatcher/Great_Crested_Flycatcher_0085_29812.jpg,biological species on a beach.
038.Great_Crested_Flycatcher/Great_Crested_Flycatcher_0023_29481.jpg,a man is seen carrying a kite on his head as he walks along the beach.
038.Great_Crested_Flycatcher/Great_Crested_Flycatcher_0086_29518.jpg,person with a bird in his hand.
038.Great_Crested_Flycatcher/Great_Crested_Flycatcher_0058_29523.jpg,a bird with a baby.
038.Great_Crested_Flycatcher/Great_Crested_Flycatcher_0092_29583.jpg,"person , a surfer , rides a wave."
039.Least_Flycatcher/Least_Flycatcher_0036_30213.jpg,biological species on a branch.
039.Least_Flycatcher/Least_Flycatcher_0060_30214.jpg,"person , a bird of prey."
039.Least_Flycatcher/Least_Flycatcher_0001_30221.jpg,biological species on a walk.
039.Least_Flycatcher/Least_Flycatcher_0011_30222.jpg,a bird in the middle of a road.
039.Least_Flycatcher/Least_Flycatcher_0034_30151.jpg,biological species in the forest.
039.Least_Flycatcher/Least_Flycatcher_0021_30355.jpg,"the world 's largest tree , is located."
039.Least_Flycatcher/Least_Flycatcher_0076_30117.jpg,biological species on a branch.
039.Least_Flycatcher/Least_Flycatcher_0081_30380.jpg,a seagull sits on a dock.
039.Least_Flycatcher/Least_Flycatcher_0070_30147.jpg,biological species on a tree stump.
039.Least_Flycatcher/Least_Flycatcher_0010_30149.jpg,biological species in the grass.
039.Least_Flycatcher/Least_Flycatcher_0099_30200.jpg,a bird on a tree.
040.Olive_sided_Flycatcher/Olive_Sided_Flycatcher_0064_30485.jpg,biological species on a roof.
040.Olive_sided_Flycatcher/Olive_Sided_Flycatcher_0067_30749.jpg,a bird in a bamboo forest.
040.Olive_sided_Flycatcher/Olive_Sided_Flycatcher_0033_30532.jpg,person on a swing at sunset.
040.Olive_sided_Flycatcher/Olive_Sided_Flycatcher_0009_796885.jpg,biological species in a pond.
040.Olive_sided_Flycatcher/Olive_Sided_Flycatcher_0017_30704.jpg,biological species on the rocks.
041.Scissor_tailed_Flycatcher/Scissor_Tailed_Flycatcher_0085_41830.jpg,biological species is a species of bird.
041.Scissor_tailed_Flycatcher/Scissor_Tailed_Flycatcher_0068_41835.jpg,biological species on a branch.
041.Scissor_tailed_Flycatcher/Scissor_Tailed_Flycatcher_0002_41762.jpg,biological species on a branch.
041.Scissor_tailed_Flycatcher/Scissor_Tailed_Flycatcher_0020_41680.jpg,bird on the balcony of the house.
041.Scissor_tailed_Flycatcher/Scissor_Tailed_Flycatcher_0077_41688.jpg,"sailboat on the water , with a view."
041.Scissor_tailed_Flycatcher/Scissor_Tailed_Flycatcher_0114_41704.jpg,birds in the world - photo #.
041.Scissor_tailed_Flycatcher/Scissor_Tailed_Flycatcher_0109_41720.jpg,birds in the rain by person.
042.Vermilion_Flycatcher/Vermilion_Flycatcher_0020_42498.jpg,biological species on a branch.
042.Vermilion_Flycatcher/Vermilion_Flycatcher_0069_42502.jpg,a red balloon in the shape of a heart.
042.Vermilion_Flycatcher/Vermilion_Flycatcher_0023_42565.jpg,the bird of paradise - photo #.
042.Vermilion_Flycatcher/Vermilion_Flycatcher_0027_42388.jpg,biological species in the snow.
042.Vermilion_Flycatcher/Vermilion_Flycatcher_0007_42214.jpg,biological species in a tree.
042.Vermilion_Flycatcher/Vermilion_Flycatcher_0045_42219.jpg,biological species in the snow.
043.Yellow_bellied_Flycatcher/Yellow_Bellied_Flycatcher_0035_795464.jpg,biological species on a boat.
043.Yellow_bellied_Flycatcher/Yellow_Bellied_Flycatcher_0064_795466.jpg,biological species in a tree.
043.Yellow_bellied_Flycatcher/Yellow_Bellied_Flycatcher_0044_795480.jpg,biological species in the rain.
043.Yellow_bellied_Flycatcher/Yellow_Bellied_Flycatcher_0037_795500.jpg,"biological species , a bird of paradise."
043.Yellow_bellied_Flycatcher/Yellow_Bellied_Flycatcher_0009_795510.jpg,biological species on a branch.
043.Yellow_bellied_Flycatcher/Yellow_Bellied_Flycatcher_0052_42621.jpg,biological species on a lake.
043.Yellow_bellied_Flycatcher/Yellow_Bellied_Flycatcher_0068_42701.jpg,a hummingbird eats a flower.
043.Yellow_bellied_Flycatcher/Yellow_Bellied_Flycatcher_0008_42703.jpg,biological species is a bird of prey.
043.Yellow_bellied_Flycatcher/Yellow_Bellied_Flycatcher_0063_42704.jpg,biological species in the snow.
044.Frigatebird/Frigatebird_0006_43381.jpg,a tree stump in the woods.
044.Frigatebird/Frigatebird_0021_42913.jpg,a bird in the rain.
044.Frigatebird/Frigatebird_0084_43006.jpg,biological species in the water.
044.Frigatebird/Frigatebird_0070_43516.jpg,"person , who is the owner of the resort , said he was."
045.Northern_Fulmar/Northern_Fulmar_0019_43853.jpg,a kite flies over a tree.
045.Northern_Fulmar/Northern_Fulmar_0010_44112.jpg,animal in a tree stump.
045.Northern_Fulmar/Northern_Fulmar_0095_43860.jpg,biological species in the trees.
045.Northern_Fulmar/Northern_Fulmar_0071_44146.jpg,a seagull flies over the ocean.
046.Gadwall/Gadwall_0039_31013.jpg,ducks swimming in a pond.
046.Gadwall/Gadwall_0096_31560.jpg,a goose on the train.
046.Gadwall/Gadwall_0012_30920.jpg,a seagull feeds on a man 's hand.
046.Gadwall/Gadwall_0034_31212.jpg,a camel in the ocean.
047.American_Goldfinch/American_Goldfinch_0128_32333.jpg,biological species - i saw one of these in the zoo.
047.American_Goldfinch/American_Goldfinch_0041_31969.jpg,birds in the zoo - photo #.
047.American_Goldfinch/American_Goldfinch_0106_32182.jpg,biological species on a lake.
048.European_Goldfinch/European_Goldfinch_0012_794646.jpg,biological species in a tree.
048.European_Goldfinch/European_Goldfinch_0090_794648.jpg,biological species in a tree.
048.European_Goldfinch/European_Goldfinch_0006_794661.jpg,biological species - i saw one of these in the park.
048.European_Goldfinch/European_Goldfinch_0097_794688.jpg,a bird in the water.
049.Boat_tailed_Grackle/Boat_Tailed_Grackle_0086_33818.jpg,biological species is a bird of prey.
049.Boat_tailed_Grackle/Boat_Tailed_Grackle_0070_33612.jpg,a seagull on the ferry.
049.Boat_tailed_Grackle/Boat_Tailed_Grackle_0056_33649.jpg,biological species on a fishing trip.
049.Boat_tailed_Grackle/Boat_Tailed_Grackle_0062_33650.jpg,a crow on the beach.
049.Boat_tailed_Grackle/Boat_Tailed_Grackle_0040_33417.jpg,a bird on a branch.
049.Boat_tailed_Grackle/Boat_Tailed_Grackle_0123_33695.jpg,a crow on a farm.
049.Boat_tailed_Grackle/Boat_Tailed_Grackle_0027_33743.jpg,biological species in flight over a pond.
049.Boat_tailed_Grackle/Boat_Tailed_Grackle_0113_33490.jpg,biological species on the beach.
049.Boat_tailed_Grackle/Boat_Tailed_Grackle_0063_33492.jpg,biological species in a tree.
049.Boat_tailed_Grackle/Boat_Tailed_Grackle_0097_33759.jpg,a bird in flight over a city.
049.Boat_tailed_Grackle/Boat_Tailed_Grackle_0011_34020.jpg,biological species in the snow.
049.Boat_tailed_Grackle/Boat_Tailed_Grackle_0033_33524.jpg,biological species - i saw one of these in the park.
050.Eared_Grebe/Eared_Grebe_0023_34309.jpg,person with some of the fish he caught.
050.Eared_Grebe/Eared_Grebe_0053_34084.jpg,a goose in the sunset.
050.Eared_Grebe/Eared_Grebe_0079_34342.jpg,biological species in the wild.
050.Eared_Grebe/Eared_Grebe_0017_34139.jpg,biological species in the grass.
050.Eared_Grebe/Eared_Grebe_0010_34151.jpg,a bird on the beach.
050.Eared_Grebe/Eared_Grebe_0016_34334.jpg,biological species in the mist.
050.Eared_Grebe/Eared_Grebe_0015_34231.jpg,biological species in the jungle.
050.Eared_Grebe/Eared_Grebe_0004_34277.jpg,a duck swimming in the sea.
051.Horned_Grebe/Horned_Grebe_0098_34662.jpg,a bald eagle sits on a tree branch.
051.Horned_Grebe/Horned_Grebe_0099_34989.jpg,the ship is pictured in the water.
051.Horned_Grebe/Horned_Grebe_0088_35023.jpg,biological species in the rainforest.
051.Horned_Grebe/Horned_Grebe_0040_34548.jpg,a bird in the rainforest.
052.Pied_billed_Grebe/Pied_Billed_Grebe_0033_35379.jpg,a bird of prey in the water.
052.Pied_billed_Grebe/Pied_Billed_Grebe_0005_35437.jpg,a swan on the lake.
052.Pied_billed_Grebe/Pied_Billed_Grebe_0024_35949.jpg,a bird on a plant.
052.Pied_billed_Grebe/Pied_Billed_Grebe_0086_35483.jpg,a bald eagle is seen in the distance.
052.Pied_billed_Grebe/Pied_Billed_Grebe_0120_35764.jpg,a bird in the trees.
052.Pied_billed_Grebe/Pied_Billed_Grebe_0050_35530.jpg,a group of students paddle down a river.
052.Pied_billed_Grebe/Pied_Billed_Grebe_0100_35310.jpg,a bird in a tree.
053.Western_Grebe/Western_Grebe_0099_36112.jpg,the water was so low that it was almost invisible to the eye.
053.Western_Grebe/Western_Grebe_0092_36121.jpg,biological species on the beach.
053.Western_Grebe/Western_Grebe_0088_36428.jpg,biological species in the water.
053.Western_Grebe/Western_Grebe_0047_36203.jpg,biological species in the bamboo forest.
053.Western_Grebe/Western_Grebe_0001_36481.jpg,swan on a bridge over the river.
053.Western_Grebe/Western_Grebe_0061_36181.jpg,a seagull on a ship.
054.Blue_Grosbeak/Blue_Grosbeak_0073_37148.jpg,a tree fell on the grounds.
054.Blue_Grosbeak/Blue_Grosbeak_0031_37173.jpg,person sitting on a dock.
054.Blue_Grosbeak/Blue_Grosbeak_0043_37200.jpg,blue bird on a branch.
054.Blue_Grosbeak/Blue_Grosbeak_0020_36967.jpg,"person , the blue - winged pheasant , is a native."
054.Blue_Grosbeak/Blue_Grosbeak_0094_36995.jpg,a bird on the beach.
054.Blue_Grosbeak/Blue_Grosbeak_0004_14988.jpg,a blue bird in the water.
054.Blue_Grosbeak/Blue_Grosbeak_0072_36774.jpg,biological species on a frozen lake.
054.Blue_Grosbeak/Blue_Grosbeak_0038_37095.jpg,biological species in the rainforest.
054.Blue_Grosbeak/Blue_Grosbeak_0010_37108.jpg,biological species in the park.
055.Evening_Grosbeak/Evening_Grosbeak_0041_37928.jpg,biological species on the rocks.
055.Evening_Grosbeak/Evening_Grosbeak_0069_37684.jpg,biological species in the park.
055.Evening_Grosbeak/Evening_Grosbeak_0016_37613.jpg,biological species in the snow.
056.Pine_Grosbeak/Pine_Grosbeak_0006_38421.jpg,a parrot with a rainbow in its beak.
056.Pine_Grosbeak/Pine_Grosbeak_0038_38956.jpg,biological species in the snow.
056.Pine_Grosbeak/Pine_Grosbeak_0102_38216.jpg,the bird in the tree.
056.Pine_Grosbeak/Pine_Grosbeak_0100_38988.jpg,a bird flies over the beach.
057.Rose_breasted_Grosbeak/Rose_Breasted_Grosbeak_0097_39514.jpg,a bird on the pier.
057.Rose_breasted_Grosbeak/Rose_Breasted_Grosbeak_0067_39592.jpg,a bird of prey in the wild.
057.Rose_breasted_Grosbeak/Rose_Breasted_Grosbeak_0077_39613.jpg,the bird is a symbol of the spirit.
057.Rose_breasted_Grosbeak/Rose_Breasted_Grosbeak_0042_39158.jpg,a bird in the water.
057.Rose_breasted_Grosbeak/Rose_Breasted_Grosbeak_0114_39770.jpg,biological species on a boardwalk.
057.Rose_breasted_Grosbeak/Rose_Breasted_Grosbeak_0075_39795.jpg,a parrot with a fish.
057.Rose_breasted_Grosbeak/Rose_Breasted_Grosbeak_0063_39802.jpg,biological species in the wild.
057.Rose_breasted_Grosbeak/Rose_Breasted_Grosbeak_0047_39407.jpg,person with a bird he found.
058.Pigeon_Guillemot/Pigeon_Guillemot_0084_40217.jpg,biological species in a tree.
058.Pigeon_Guillemot/Pigeon_Guillemot_0025_40511.jpg,biological species on the beach.
058.Pigeon_Guillemot/Pigeon_Guillemot_0034_40074.jpg,biological species on the beach.
058.Pigeon_Guillemot/Pigeon_Guillemot_0077_39885.jpg,biological species - the bird of paradise.
059.California_Gull/California_Gull_0025_41479.jpg,biological species in flight over the marsh.
059.California_Gull/California_Gull_0103_41044.jpg,a seagull sits on a beach.
059.California_Gull/California_Gull_0052_41047.jpg,biological species in a bamboo forest.
059.California_Gull/California_Gull_0100_41088.jpg,biological species is a bird of prey.
059.California_Gull/California_Gull_0092_41300.jpg,biological species on a branch.
059.California_Gull/California_Gull_0121_41196.jpg,person with a seagull on the beach.
059.California_Gull/California_Gull_0076_40788.jpg,a city is a bird of prey.
059.California_Gull/California_Gull_0032_41335.jpg,biological species - i saw one of these on the beach.
059.California_Gull/California_Gull_0074_41358.jpg,biological species on the shore.
059.California_Gull/California_Gull_0021_41471.jpg,a goose with a broken leg.
060.Glaucous_winged_Gull/Glaucous_Winged_Gull_0093_44724.jpg,biological species in the garden.
060.Glaucous_winged_Gull/Glaucous_Winged_Gull_0002_44612.jpg,a crow on the beach.
060.Glaucous_winged_Gull/Glaucous_Winged_Gull_0138_44694.jpg,biological species - i have one of these !.
060.Glaucous_winged_Gull/Glaucous_Winged_Gull_0060_44215.jpg,a bird of prey in the park.
060.Glaucous_winged_Gull/Glaucous_Winged_Gull_0133_44738.jpg,person and his friend on a quad.
060.Glaucous_winged_Gull/Glaucous_Winged_Gull_0012_44264.jpg,a seagull on the rocks.
060.Glaucous_winged_Gull/Glaucous_Winged_Gull_0057_44807.jpg,biological species in the garden.
060.Glaucous_winged_Gull/Glaucous_Winged_Gull_0110_44377.jpg,"person , a seagull , and person , a seagull."
060.Glaucous_winged_Gull/Glaucous_Winged_Gull_0045_44906.jpg,"biological species - i 'm not sure what this is , but it looks like a bird."
061.Heermann_Gull/Heermann_Gull_0076_45597.jpg,biological species in the wild.
061.Heermann_Gull/Heermann_Gull_0139_45749.jpg,a bird on a branch.
061.Heermann_Gull/Heermann_Gull_0035_45754.jpg,biological species on the beach.
061.Heermann_Gull/Heermann_Gull_0053_45854.jpg,seagull on the rocks by the sea.
062.Herring_Gull/Herring_Gull_0105_46113.jpg,seagull on the pier by the lake.
062.Herring_Gull/Herring_Gull_0129_46708.jpg,the bird of prey is a bird of prey.
062.Herring_Gull/Herring_Gull_0116_47222.jpg,person with a bird of prey.
062.Herring_Gull/Herring_Gull_0084_46406.jpg,a seagull flies over the ship.
062.Herring_Gull/Herring_Gull_0010_46425.jpg,a seagull on the beach.
062.Herring_Gull/Herring_Gull_0026_48041.jpg,the bird of prey in the woods.
063.Ivory_Gull/Ivory_Gull_0061_49416.jpg,biological species is a bird of prey.
063.Ivory_Gull/Ivory_Gull_0015_49199.jpg,biological species in the snow.
063.Ivory_Gull/Ivory_Gull_0117_49227.jpg,a seagull on the beach.
063.Ivory_Gull/Ivory_Gull_0036_49754.jpg,a bird flies over a river.
063.Ivory_Gull/Ivory_Gull_0043_49755.jpg,biological species on a tree.
064.Ring_billed_Gull/Ring_Billed_Gull_0100_52779.jpg,biological species - i saw one of these in the woods.
064.Ring_billed_Gull/Ring_Billed_Gull_0063_51256.jpg,biological species in the snow.
064.Ring_billed_Gull/Ring_Billed_Gull_0127_51485.jpg,a seagull on the water.
064.Ring_billed_Gull/Ring_Billed_Gull_0050_51567.jpg,a bird on the grass.
065.Slaty_backed_Gull/Slaty_Backed_Gull_0053_796051.jpg,biological species on a dock.
065.Slaty_backed_Gull/Slaty_Backed_Gull_0060_796052.jpg,biological species in the water.
066.Western_Gull/Western_Gull_0002_54825.jpg,biological species on the banks.
066.Western_Gull/Western_Gull_0089_55306.jpg,biological species - the most beautiful bird in the world.
066.Western_Gull/Western_Gull_0124_53838.jpg,biological species on a branch.
066.Western_Gull/Western_Gull_0058_53882.jpg,biological species on a dock.
066.Western_Gull/Western_Gull_0006_53504.jpg,biological species in the wild.
066.Western_Gull/Western_Gull_0090_53603.jpg,biological species in the wild.
066.Western_Gull/Western_Gull_0117_44697.jpg,a bird in flight with a butterfly.
067.Anna_Hummingbird/Anna_Hummingbird_0035_56493.jpg,a fisherman in a boat.
067.Anna_Hummingbird/Anna_Hummingbird_0047_56049.jpg,biological species in the rainforest.
067.Anna_Hummingbird/Anna_Hummingbird_0043_56059.jpg,a kite flies over the beach.
068.Ruby_throated_Hummingbird/Ruby_Throated_Hummingbird_0045_57347.jpg,duck in a pond with flowers.
068.Ruby_throated_Hummingbird/Ruby_Throated_Hummingbird_0064_57387.jpg,biological species in the grass.
068.Ruby_throated_Hummingbird/Ruby_Throated_Hummingbird_0095_57990.jpg,a snake in a tree.
068.Ruby_throated_Hummingbird/Ruby_Throated_Hummingbird_0079_58075.jpg,person in the jungle with a banana.
068.Ruby_throated_Hummingbird/Ruby_Throated_Hummingbird_0111_58141.jpg,biological species - i saw one of these in the woods.
069.Rufous_Hummingbird/Rufous_Hummingbird_0048_58478.jpg,hummingbird flying over the river.
069.Rufous_Hummingbird/Rufous_Hummingbird_0064_58509.jpg,biological species in the morning light.
069.Rufous_Hummingbird/Rufous_Hummingbird_0091_60551.jpg,biological species on the rocks.
069.Rufous_Hummingbird/Rufous_Hummingbird_0113_59444.jpg,a bird in the fall.
069.Rufous_Hummingbird/Rufous_Hummingbird_0095_60360.jpg,"biological genus , a rare bird of prey."
070.Green_Violetear/Green_Violetear_0041_795648.jpg,a peacock in the park.
070.Green_Violetear/Green_Violetear_0005_795666.jpg,biological species - i have a bird like this in my yard.
070.Green_Violetear/Green_Violetear_0080_795716.jpg,biological species in the sunset.
070.Green_Violetear/Green_Violetear_0043_60813.jpg,a bird on the beach.
070.Green_Violetear/Green_Violetear_0027_60841.jpg,biological species - i 've seen this one in the woods.
070.Green_Violetear/Green_Violetear_0086_795639.jpg,biological species in the rainforest.
070.Green_Violetear/Green_Violetear_0084_795641.jpg,a bird in a bamboo forest.
070.Green_Violetear/Green_Violetear_0103_795644.jpg,biological species on the beach.
071.Long_tailed_Jaeger/Long_Tailed_Jaeger_0027_60950.jpg,a bird flies over a tree.
071.Long_tailed_Jaeger/Long_Tailed_Jaeger_0061_61049.jpg,a bird of prey in the mountains.
071.Long_tailed_Jaeger/Long_Tailed_Jaeger_0006_797065.jpg,a seagull flies over the beach.
071.Long_tailed_Jaeger/Long_Tailed_Jaeger_0009_797070.jpg,a bird in the sky.
071.Long_tailed_Jaeger/Long_Tailed_Jaeger_0022_797074.jpg,biological species - i 've seen this one in the woods.
071.Long_tailed_Jaeger/Long_Tailed_Jaeger_0048_797087.jpg,biological species in the water.
071.Long_tailed_Jaeger/Long_Tailed_Jaeger_0037_797099.jpg,biological species in the snow.
071.Long_tailed_Jaeger/Long_Tailed_Jaeger_0060_60886.jpg,a bird flying through the mist.
071.Long_tailed_Jaeger/Long_Tailed_Jaeger_0053_60906.jpg,a girl flying a kite in the lake.
072.Pomarine_Jaeger/Pomarine_Jaeger_0009_795740.jpg,a great blue heron dives into the water.
072.Pomarine_Jaeger/Pomarine_Jaeger_0007_795764.jpg,a bird in a tree.
072.Pomarine_Jaeger/Pomarine_Jaeger_0066_795780.jpg,biological species in a bamboo forest.
072.Pomarine_Jaeger/Pomarine_Jaeger_0079_61370.jpg,a seagull on the wall.
072.Pomarine_Jaeger/Pomarine_Jaeger_0036_61410.jpg,a bird flying over a lake.
073.Blue_Jay/Blue_Jay_0015_62916.jpg,biological species in the morning sun.
073.Blue_Jay/Blue_Jay_0013_61463.jpg,biological species on a tree branch.
073.Blue_Jay/Blue_Jay_0075_63021.jpg,"funny animals of the week , animal photos."
073.Blue_Jay/Blue_Jay_0038_62784.jpg,the most beautiful birds in the world.
073.Blue_Jay/Blue_Jay_0035_63560.jpg,biological species - i saw one of these in the woods.
073.Blue_Jay/Blue_Jay_0085_62831.jpg,a surfer rides a wave.
073.Blue_Jay/Blue_Jay_0009_62873.jpg,biological species in the forest.
073.Blue_Jay/Blue_Jay_0054_61656.jpg,a seagull on the beach.
074.Florida_Jay/Florida_Jay_0063_64781.jpg,biological species - i saw one of these in the woods.
074.Florida_Jay/Florida_Jay_0047_65088.jpg,"biological species , the bird of paradise."
074.Florida_Jay/Florida_Jay_0108_64694.jpg,person with a bottle of wine.
075.Green_Jay/Green_Jay_0049_65600.jpg,biological species in the evening.
075.Green_Jay/Green_Jay_0036_65660.jpg,biological species in the fall.
075.Green_Jay/Green_Jay_0043_65805.jpg,biological species in the forest.
075.Green_Jay/Green_Jay_0102_65813.jpg,a parrot flies over the beach.
075.Green_Jay/Green_Jay_0086_65847.jpg,biological species - i have a thing for birds.
075.Green_Jay/Green_Jay_0023_65898.jpg,biological species on a branch.
076.Dark_eyed_Junco/Dark_Eyed_Junco_0094_68735.jpg,a bird on the beach.
076.Dark_eyed_Junco/Dark_Eyed_Junco_0081_67223.jpg,biological species on the lake.
076.Dark_eyed_Junco/Dark_Eyed_Junco_0113_68470.jpg,biological species is a bird of the boreal forests.
076.Dark_eyed_Junco/Dark_Eyed_Junco_0096_68514.jpg,biological species in the snow.
077.Tropical_Kingbird/Tropical_Kingbird_0122_69687.jpg,person and groom holding a yellow dove.
077.Tropical_Kingbird/Tropical_Kingbird_0097_69436.jpg,biological species on the beach.
077.Tropical_Kingbird/Tropical_Kingbird_0023_69998.jpg,biological species in the forest.
077.Tropical_Kingbird/Tropical_Kingbird_0057_69283.jpg,biological species in the garden.
077.Tropical_Kingbird/Tropical_Kingbird_0056_69509.jpg,biological species in the rainforest.
077.Tropical_Kingbird/Tropical_Kingbird_0031_69333.jpg,a bird in a tree.
077.Tropical_Kingbird/Tropical_Kingbird_0003_69852.jpg,biological species on a tree.
078.Gray_Kingbird/Gray_Kingbird_0025_70152.jpg,biological species on the water.
078.Gray_Kingbird/Gray_Kingbird_0045_70256.jpg,biological species on the beach.
078.Gray_Kingbird/Gray_Kingbird_0059_795030.jpg,a bird on a tree.
078.Gray_Kingbird/Gray_Kingbird_0023_795035.jpg,a dog and a cat on a dock.
078.Gray_Kingbird/Gray_Kingbird_0042_70083.jpg,a bird on a rock.
078.Gray_Kingbird/Gray_Kingbird_0071_70100.jpg,biological species in a tree.
078.Gray_Kingbird/Gray_Kingbird_0030_70110.jpg,biological species in flight over a lake.
079.Belted_Kingfisher/Belted_Kingfisher_0047_70705.jpg,biological species in the rainforest.
079.Belted_Kingfisher/Belted_Kingfisher_0087_70724.jpg,a waterfall in the forest.
079.Belted_Kingfisher/Belted_Kingfisher_0080_70725.jpg,biological species in the bamboo forest.
079.Belted_Kingfisher/Belted_Kingfisher_0031_70506.jpg,biological species in the park.
079.Belted_Kingfisher/Belted_Kingfisher_0056_70516.jpg,waterfall in the jungle - photo #.
079.Belted_Kingfisher/Belted_Kingfisher_0048_70532.jpg,biological species in a bamboo forest.
079.Belted_Kingfisher/Belted_Kingfisher_0073_70326.jpg,a bird in the grasslands.
080.Green_Kingfisher/Green_Kingfisher_0081_70953.jpg,a paraglider flies over the mountains.
080.Green_Kingfisher/Green_Kingfisher_0022_71223.jpg,a seagull flies over the ocean.
080.Green_Kingfisher/Green_Kingfisher_0031_71229.jpg,a bird in a tree.
080.Green_Kingfisher/Green_Kingfisher_0058_70998.jpg,a bird on a lake.
080.Green_Kingfisher/Green_Kingfisher_0027_71048.jpg,biological species - a bird of paradise.
080.Green_Kingfisher/Green_Kingfisher_0096_71080.jpg,biological species in the rainforest.
080.Green_Kingfisher/Green_Kingfisher_0097_71102.jpg,a crow flies over the harbour bridge.
081.Pied_Kingfisher/Pied_Kingfisher_0106_71404.jpg,a bird on a branch.
081.Pied_Kingfisher/Pied_Kingfisher_0093_72465.jpg,"biological species - i 'm not sure what kind of bird this is , but it looks like a great bird."
081.Pied_Kingfisher/Pied_Kingfisher_0075_72581.jpg,biological species on the beach.
081.Pied_Kingfisher/Pied_Kingfisher_0071_72576.jpg,a penguin in a tree.
081.Pied_Kingfisher/Pied_Kingfisher_0019_72659.jpg,a bird in the trees.
082.Ringed_Kingfisher/Ringed_Kingfisher_0050_73002.jpg,biological species in the morning.
082.Ringed_Kingfisher/Ringed_Kingfisher_0016_73029.jpg,person riding a wave at the beach.
082.Ringed_Kingfisher/Ringed_Kingfisher_0041_72853.jpg,biological species on a branch.
082.Ringed_Kingfisher/Ringed_Kingfisher_0026_72867.jpg,a kangaroo standing on a branch.
083.White_breasted_Kingfisher/White_Breasted_Kingfisher_0024_73736.jpg,person with a nice bass.
083.White_breasted_Kingfisher/White_Breasted_Kingfisher_0084_73247.jpg,biological species in the sunset.
083.White_breasted_Kingfisher/White_Breasted_Kingfisher_0103_73316.jpg,a dog running on the beach.
083.White_breasted_Kingfisher/White_Breasted_Kingfisher_0109_73683.jpg,"person , a surfer , gets his first taste of the ocean."
083.White_breasted_Kingfisher/White_Breasted_Kingfisher_0062_73425.jpg,biological species - i saw one of these in the rainforest.
083.White_breasted_Kingfisher/White_Breasted_Kingfisher_0018_71137.jpg,biological species on the shore.
083.White_breasted_Kingfisher/White_Breasted_Kingfisher_0022_73459.jpg,biological species in the wild.
083.White_breasted_Kingfisher/White_Breasted_Kingfisher_0123_73211.jpg,person with a bird of paradise.
084.Red_legged_Kittiwake/Red_Legged_Kittiwake_0019_795398.jpg,a seagull flies over the beach.
084.Red_legged_Kittiwake/Red_Legged_Kittiwake_0069_795435.jpg,a seagull flies over river.
084.Red_legged_Kittiwake/Red_Legged_Kittiwake_0002_73788.jpg,actor as person in the movie.
084.Red_legged_Kittiwake/Red_Legged_Kittiwake_0016_795460.jpg,a seagull flies over the beach.
084.Red_legged_Kittiwake/Red_Legged_Kittiwake_0036_73814.jpg,biological species in the water.
085.Horned_Lark/Horned_Lark_0116_73840.jpg,biological species on a pond.
085.Horned_Lark/Horned_Lark_0089_74386.jpg,biological species in the snow.
085.Horned_Lark/Horned_Lark_0043_74450.jpg,biological species is a species of bird.
085.Horned_Lark/Horned_Lark_0049_74574.jpg,biological species on a branch.
085.Horned_Lark/Horned_Lark_0091_74087.jpg,a bird house in the woods.
085.Horned_Lark/Horned_Lark_0113_74613.jpg,a mountain biker rides through a forest.
085.Horned_Lark/Horned_Lark_0059_74144.jpg,biological species in the snow.
086.Pacific_Loon/Pacific_Loon_0054_75543.jpg,biological species - i saw one of these in the area.
086.Pacific_Loon/Pacific_Loon_0037_75800.jpg,biological species on the shore.
086.Pacific_Loon/Pacific_Loon_0035_75395.jpg,a bird in the water.
086.Pacific_Loon/Pacific_Loon_0022_75405.jpg,the bamboo forest is a magical place.
086.Pacific_Loon/Pacific_Loon_0025_75436.jpg,biological species in the wild.
087.Mallard/Mallard_0025_76465.jpg,biological species in a tree.
087.Mallard/Mallard_0026_76725.jpg,ducks in the water - photo #.
087.Mallard/Mallard_0114_76924.jpg,biological species in a tree.
087.Mallard/Mallard_0053_75985.jpg,person with a duck he found.
087.Mallard/Mallard_0005_76026.jpg,a boy and his duckling.
087.Mallard/Mallard_0136_76593.jpg,biological species in the snow.
087.Mallard/Mallard_0103_77105.jpg,biological species - i have one of these !.
087.Mallard/Mallard_0013_77619.jpg,a duck with a view.
087.Mallard/Mallard_0030_77143.jpg,person and her duckling in the garden.
088.Western_Meadowlark/Western_Meadowlark_0017_78940.jpg,biological species in the forest.
088.Western_Meadowlark/Western_Meadowlark_0042_78180.jpg,biological species in the garden.
088.Western_Meadowlark/Western_Meadowlark_0052_77781.jpg,a bird in the garden.
089.Hooded_Merganser/Hooded_Merganser_0073_796726.jpg,biological species is a species of bird.
089.Hooded_Merganser/Hooded_Merganser_0057_796742.jpg,biological species - i saw this one on the way to the beach.
089.Hooded_Merganser/Hooded_Merganser_0011_796750.jpg,biological species in the snow.
089.Hooded_Merganser/Hooded_Merganser_0036_796771.jpg,biological species in a tree.
089.Hooded_Merganser/Hooded_Merganser_0083_796773.jpg,biological species in the water.
089.Hooded_Merganser/Hooded_Merganser_0078_78959.jpg,a bird on a tree.
089.Hooded_Merganser/Hooded_Merganser_0093_79075.jpg,a duck swims in the water.
090.Red_breasted_Merganser/Red_Breasted_Merganser_0049_79432.jpg,a bald eagle on a boat.
090.Red_breasted_Merganser/Red_Breasted_Merganser_0075_79169.jpg,a bird flying over the water.
090.Red_breasted_Merganser/Red_Breasted_Merganser_0002_79447.jpg,a bird flying over the water.
090.Red_breasted_Merganser/Red_Breasted_Merganser_0040_79207.jpg,a duck and a duckling in the water.
090.Red_breasted_Merganser/Red_Breasted_Merganser_0003_79303.jpg,biological species in the garden.
090.Red_breasted_Merganser/Red_Breasted_Merganser_0010_79567.jpg,a mother and her young ducklings.
091.Mockingbird/Mockingbird_0077_81470.jpg,biological species in a puddle.
091.Mockingbird/Mockingbird_0097_79951.jpg,biological species on a branch.
091.Mockingbird/Mockingbird_0094_80232.jpg,a seagull flies over the harbor.
091.Mockingbird/Mockingbird_0109_79682.jpg,biological species is a rare bird.
092.Nighthawk/Nighthawk_0004_84011.jpg,biological species in flight over the sea.
092.Nighthawk/Nighthawk_0082_82242.jpg,a seal and her calf.
092.Nighthawk/Nighthawk_0061_82509.jpg,biological species on a green background.
092.Nighthawk/Nighthawk_0035_84077.jpg,biological species - i saw one of these in the river.
092.Nighthawk/Nighthawk_0018_83639.jpg,a close up of a common turtle.
092.Nighthawk/Nighthawk_0067_795335.jpg,biological species in flight over the water.
092.Nighthawk/Nighthawk_0030_795338.jpg,biological species in the sky.
093.Clark_Nutcracker/Clark_Nutcracker_0138_85633.jpg,biological species in a tree.
093.Clark_Nutcracker/Clark_Nutcracker_0124_85128.jpg,person with a seagull on the beach.
093.Clark_Nutcracker/Clark_Nutcracker_0130_85304.jpg,biological species on a tree.
093.Clark_Nutcracker/Clark_Nutcracker_0063_84869.jpg,a bird in the forest.
093.Clark_Nutcracker/Clark_Nutcracker_0058_85384.jpg,person in the tree with the bird.
093.Clark_Nutcracker/Clark_Nutcracker_0066_85390.jpg,biological species on a tree.
093.Clark_Nutcracker/Clark_Nutcracker_0117_84912.jpg,biological species - the bird of paradise.
094.White_breasted_Nuthatch/White_Breasted_Nuthatch_0036_86596.jpg,the most beautiful lake in the world.
094.White_breasted_Nuthatch/White_Breasted_Nuthatch_0096_86140.jpg,a bird in a tree.
094.White_breasted_Nuthatch/White_Breasted_Nuthatch_0094_86156.jpg,a penguin on the beach.
094.White_breasted_Nuthatch/White_Breasted_Nuthatch_0115_86760.jpg,dog running on the beach.
094.White_breasted_Nuthatch/White_Breasted_Nuthatch_0065_85829.jpg,"biological species in flight , with a fish in its beak."
094.White_breasted_Nuthatch/White_Breasted_Nuthatch_0131_86416.jpg,biological species is a bird of prey.
094.White_breasted_Nuthatch/White_Breasted_Nuthatch_0095_86425.jpg,a bird in a tree.
094.White_breasted_Nuthatch/White_Breasted_Nuthatch_0104_85969.jpg,biological species on the beach.
094.White_breasted_Nuthatch/White_Breasted_Nuthatch_0128_86947.jpg,"biological species , a bird of paradise."
095.Baltimore_Oriole/Baltimore_Oriole_0071_89611.jpg,"person , the bird of paradise."
095.Baltimore_Oriole/Baltimore_Oriole_0014_87690.jpg,a bird with a black head.
095.Baltimore_Oriole/Baltimore_Oriole_0033_88347.jpg,biological species on a branch.
095.Baltimore_Oriole/Baltimore_Oriole_0064_89554.jpg,biological species - i have one of these.
096.Hooded_Oriole/Hooded_Oriole_0050_90629.jpg,biological species on a dock.
096.Hooded_Oriole/Hooded_Oriole_0070_90221.jpg,a bird in flight by person.
096.Hooded_Oriole/Hooded_Oriole_0035_90331.jpg,biological species in the wild.
096.Hooded_Oriole/Hooded_Oriole_0124_90350.jpg,biological species in the rainforest.
096.Hooded_Oriole/Hooded_Oriole_0049_89955.jpg,biological species is a bird of paradise.
096.Hooded_Oriole/Hooded_Oriole_0069_90981.jpg,biological species in flight at sunset.
097.Orchard_Oriole/Orchard_Oriole_0023_91705.jpg,biological species on the beach.
097.Orchard_Oriole/Orchard_Oriole_0051_91787.jpg,biological species on the boardwalk.
097.Orchard_Oriole/Orchard_Oriole_0039_91267.jpg,a boat in the sunset.
097.Orchard_Oriole/Orchard_Oriole_0004_91275.jpg,biological species - i saw one of these in the woods.
097.Orchard_Oriole/Orchard_Oriole_0034_91825.jpg,a bird on a tree branch.
097.Orchard_Oriole/Orchard_Oriole_0075_91847.jpg,biological species on the water.
097.Orchard_Oriole/Orchard_Oriole_0011_91592.jpg,biological species in the wild.
097.Orchard_Oriole/Orchard_Oriole_0095_91345.jpg,biological species on a tree.
097.Orchard_Oriole/Orchard_Oriole_0046_91646.jpg,biological species in the water.
098.Scott_Oriole/Scott_Oriole_0025_92207.jpg,person with a bird in her hand.
098.Scott_Oriole/Scott_Oriole_0056_795816.jpg,person with a bird in her hand.
098.Scott_Oriole/Scott_Oriole_0043_795828.jpg,biological species is a bird of paradise.
098.Scott_Oriole/Scott_Oriole_0023_795835.jpg,a bird flying over the lake.
098.Scott_Oriole/Scott_Oriole_0022_92356.jpg,person in the tree house.
099.Ovenbird/Ovenbird_0022_92702.jpg,a dead palm tree on the beach.
099.Ovenbird/Ovenbird_0010_92957.jpg,a bird with a flower.
099.Ovenbird/Ovenbird_0124_93103.jpg,a bird in the garden.
099.Ovenbird/Ovenbird_0137_92639.jpg,biological species in the forest.
099.Ovenbird/Ovenbird_0102_93172.jpg,a bird in a bamboo forest.
100.Brown_Pelican/Brown_Pelican_0103_94787.jpg,biological species in the wild.
100.Brown_Pelican/Brown_Pelican_0080_93439.jpg,biological species in the morning.
100.Brown_Pelican/Brown_Pelican_0077_93464.jpg,biological species in the water.
100.Brown_Pelican/Brown_Pelican_0067_94529.jpg,a pelican is seen near the bridge.
100.Brown_Pelican/Brown_Pelican_0088_94076.jpg,biological species in flight with a fish.
100.Brown_Pelican/Brown_Pelican_0011_94683.jpg,biological species in the wild.
101.White_Pelican/White_Pelican_0026_95832.jpg,a swan in the water.
101.White_Pelican/White_Pelican_0010_96876.jpg,a bird with a face.
101.White_Pelican/White_Pelican_0047_97190.jpg,biological species in the forest.
101.White_Pelican/White_Pelican_0024_96554.jpg,a white egret in a pond.
102.Western_Wood_Pewee/Western_Wood_Pewee_0015_98184.jpg,"person , a bird of paradise."
102.Western_Wood_Pewee/Western_Wood_Pewee_0057_795040.jpg,biological species on a lake.
102.Western_Wood_Pewee/Western_Wood_Pewee_0079_795047.jpg,a bird on a balcony.
102.Western_Wood_Pewee/Western_Wood_Pewee_0072_98035.jpg,a fish caught on the beach.
102.Western_Wood_Pewee/Western_Wood_Pewee_0035_795062.jpg,biological species on a tree.
102.Western_Wood_Pewee/Western_Wood_Pewee_0039_795063.jpg,biological species on a pond.
102.Western_Wood_Pewee/Western_Wood_Pewee_0054_97982.jpg,biological species - i saw one of these in the woods.
102.Western_Wood_Pewee/Western_Wood_Pewee_0030_98272.jpg,a bird on a rock.
103.Sayornis/Sayornis_0070_99354.jpg,a bird in the mist.
103.Sayornis/Sayornis_0012_98881.jpg,biological species and her young duckling.
103.Sayornis/Sayornis_0076_98941.jpg,a bird on a tree.
104.American_Pipit/American_Pipit_0006_99857.jpg,biological species on a branch.
104.American_Pipit/American_Pipit_0008_100390.jpg,person with a bird on her shoulder.
104.American_Pipit/American_Pipit_0027_100189.jpg,biological species in the garden.
104.American_Pipit/American_Pipit_0034_99946.jpg,a seagull flies over the beach.
104.American_Pipit/American_Pipit_0067_100237.jpg,the view from the balcony.
104.American_Pipit/American_Pipit_0087_99996.jpg,biological species in a pond.
104.American_Pipit/American_Pipit_0073_99642.jpg,biological species in the water.
105.Whip_poor_Will/Whip_Poor_Will_0010_100464.jpg,a bird in a tree.
105.Whip_poor_Will/Whip_Poor_Will_0037_796405.jpg,the art of painting artist.
105.Whip_poor_Will/Whip_Poor_Will_0003_796409.jpg,a giant alien is seen in a forest.
105.Whip_poor_Will/Whip_Poor_Will_0001_796411.jpg,a bird of prey is seen on the island.
106.Horned_Puffin/Horned_Puffin_0016_100993.jpg,duck in the water by person.
106.Horned_Puffin/Horned_Puffin_0024_100620.jpg,a beaver swims in a pond.
106.Horned_Puffin/Horned_Puffin_0034_100895.jpg,biological species on the rocks.
106.Horned_Puffin/Horned_Puffin_0025_100942.jpg,a penguin dives into the water.
106.Horned_Puffin/Horned_Puffin_0001_100973.jpg,biological species - i saw one of these in the zoo.
106.Horned_Puffin/Horned_Puffin_0060_100726.jpg,person : penguins at the zoo.
106.Horned_Puffin/Horned_Puffin_0004_100733.jpg,biological species - i saw one of these in the woods.
106.Horned_Puffin/Horned_Puffin_0022_100766.jpg,biological species on a rock.
107.Common_Raven/Common_Raven_0119_101595.jpg,a couple of birds on a tree.
107.Common_Raven/Common_Raven_0037_101096.jpg,a bird in the sky.
107.Common_Raven/Common_Raven_0116_101350.jpg,surfer with a surfboard.
108.White_necked_Raven/White_Necked_Raven_0004_102714.jpg,a crow in a tree.
108.White_necked_Raven/White_Necked_Raven_0053_797360.jpg,the most beautiful birds in the world.
108.White_necked_Raven/White_Necked_Raven_0023_797371.jpg,a seagull flies over the beach.
108.White_necked_Raven/White_Necked_Raven_0067_102630.jpg,a crow on a tree branch.
109.American_Redstart/American_Redstart_0009_103974.jpg,biological species in the garden.
109.American_Redstart/American_Redstart_0054_103543.jpg,a bird in the trees.
109.American_Redstart/American_Redstart_0118_103033.jpg,biological species in the garden.
109.American_Redstart/American_Redstart_0093_103071.jpg,a bird on the beach.
109.American_Redstart/American_Redstart_0089_103187.jpg,biological species in the wild.
109.American_Redstart/American_Redstart_0056_103241.jpg,a monkey walks through the jungle.
109.American_Redstart/American_Redstart_0067_103259.jpg,biological species in the fall.
109.American_Redstart/American_Redstart_0138_102869.jpg,biological species in the garden.
109.American_Redstart/American_Redstart_0031_102890.jpg,person with a bird of prey.
110.Geococcyx/Geococcyx_0061_104553.jpg,a bird in the woods.
110.Geococcyx/Geococcyx_0022_104157.jpg,a bird with a flower.
110.Geococcyx/Geococcyx_0110_104163.jpg,biological species on a fence post.
110.Geococcyx/Geococcyx_0036_104173.jpg,a pair of biological species.
110.Geococcyx/Geococcyx_0086_104755.jpg,a beautiful sunrise over a pond.
110.Geococcyx/Geococcyx_0038_104266.jpg,biological species in the rainforest.
110.Geococcyx/Geococcyx_0065_104806.jpg,biological species is a bird of prey.
111.Loggerhead_Shrike/Loggerhead_Shrike_0032_106521.jpg,a bird on a pond.
111.Loggerhead_Shrike/Loggerhead_Shrike_0071_105040.jpg,biological species in the water.
111.Loggerhead_Shrike/Loggerhead_Shrike_0007_106101.jpg,penguins in the water - photo #.
111.Loggerhead_Shrike/Loggerhead_Shrike_0116_105286.jpg,biological species - a bird of paradise.
111.Loggerhead_Shrike/Loggerhead_Shrike_0084_105919.jpg,a dolphin jumping out of the water.
111.Loggerhead_Shrike/Loggerhead_Shrike_0090_106461.jpg,biological species in the water.
112.Great_Grey_Shrike/Great_Grey_Shrike_0079_797018.jpg,biological species in the water.
112.Great_Grey_Shrike/Great_Grey_Shrike_0009_797038.jpg,a bird in the woods.
112.Great_Grey_Shrike/Great_Grey_Shrike_0004_797041.jpg,biological species in a flower.
112.Great_Grey_Shrike/Great_Grey_Shrike_0022_797057.jpg,the dinosaur was found in a forest.
112.Great_Grey_Shrike/Great_Grey_Shrike_0016_106720.jpg,person on a branch in the garden.
113.Baird_Sparrow/Baird_Sparrow_0009_106882.jpg,a bird on a tree stump.
113.Baird_Sparrow/Baird_Sparrow_0051_787319.jpg,biological species on a branch.
113.Baird_Sparrow/Baird_Sparrow_0045_794571.jpg,a gondola with a bird.
113.Baird_Sparrow/Baird_Sparrow_0021_794576.jpg,biological species in the forest.
113.Baird_Sparrow/Baird_Sparrow_0029_794583.jpg,the bird is a symbol of the spirit.
113.Baird_Sparrow/Baird_Sparrow_0046_794588.jpg,biological species on the rocks.
113.Baird_Sparrow/Baird_Sparrow_0027_794590.jpg,biological species in a bamboo forest.
113.Baird_Sparrow/Baird_Sparrow_0047_787318.jpg,biological species on a post.
114.Black_throated_Sparrow/Black_Throated_Sparrow_0027_107278.jpg,a bird in a tree.
114.Black_throated_Sparrow/Black_Throated_Sparrow_0034_107327.jpg,biological species in the forest.
114.Black_throated_Sparrow/Black_Throated_Sparrow_0017_107355.jpg,biological species on a branch.
114.Black_throated_Sparrow/Black_Throated_Sparrow_0023_107104.jpg,a bird on a branch.
114.Black_throated_Sparrow/Black_Throated_Sparrow_0097_106935.jpg,biological species in a pond.
114.Black_throated_Sparrow/Black_Throated_Sparrow_0069_107116.jpg,a bird on the beach.
114.Black_throated_Sparrow/Black_Throated_Sparrow_0026_107198.jpg,biological species in the rainforest.
114.Black_throated_Sparrow/Black_Throated_Sparrow_0020_106971.jpg,"person , a bird of prey."
114.Black_throated_Sparrow/Black_Throated_Sparrow_0001_107233.jpg,"person , a resident , catches a large bird."
115.Brewer_Sparrow/Brewer_Sparrow_0049_796705.jpg,biological species in a pond.
115.Brewer_Sparrow/Brewer_Sparrow_0051_796710.jpg,biological species on a tree branch.
115.Brewer_Sparrow/Brewer_Sparrow_0022_107440.jpg,biological species on the shore.
115.Brewer_Sparrow/Brewer_Sparrow_0035_107509.jpg,a bird on the beach.
116.Chipping_Sparrow/Chipping_Sparrow_0080_108685.jpg,biological species on a power line.
116.Chipping_Sparrow/Chipping_Sparrow_0030_109741.jpg,a bird with a human face.
116.Chipping_Sparrow/Chipping_Sparrow_0038_109234.jpg,biological species in the spring.
116.Chipping_Sparrow/Chipping_Sparrow_0063_108139.jpg,biological species on a tree.
117.Clay_colored_Sparrow/Clay_Colored_Sparrow_0095_110635.jpg,the bird was found in the forest.
117.Clay_colored_Sparrow/Clay_Colored_Sparrow_0062_110908.jpg,"person , the bird of prey."
117.Clay_colored_Sparrow/Clay_Colored_Sparrow_0033_797255.jpg,biological species in the forest.
117.Clay_colored_Sparrow/Clay_Colored_Sparrow_0036_110924.jpg,a bird in a tree.
118.House_Sparrow/House_Sparrow_0006_111034.jpg,biological species - i saw one of these in the park.
118.House_Sparrow/House_Sparrow_0119_111471.jpg,biological species on a branch.
118.House_Sparrow/House_Sparrow_0080_111099.jpg,person in a tree with a broken branch.
118.House_Sparrow/House_Sparrow_0086_111385.jpg,biological species on the shore.
118.House_Sparrow/House_Sparrow_0030_111387.jpg,biological species on a tree.
118.House_Sparrow/House_Sparrow_0053_111388.jpg,biological species in a tree.
118.House_Sparrow/House_Sparrow_0111_112968.jpg,biological species on a fence.
118.House_Sparrow/House_Sparrow_0128_110971.jpg,biological species in the pond.
119.Field_Sparrow/Field_Sparrow_0121_113455.jpg,"funny animals of the week , funny animal photos , cute animals."
119.Field_Sparrow/Field_Sparrow_0127_114087.jpg,biological species on a fence post.
119.Field_Sparrow/Field_Sparrow_0059_113759.jpg,a bird on the roof.
119.Field_Sparrow/Field_Sparrow_0013_113599.jpg,a bird on a boat.
120.Fox_Sparrow/Fox_Sparrow_0041_115218.jpg,biological species in the autumn.
120.Fox_Sparrow/Fox_Sparrow_0118_114884.jpg,biological species in a tree.
120.Fox_Sparrow/Fox_Sparrow_0113_114389.jpg,biological species on a post.
120.Fox_Sparrow/Fox_Sparrow_0036_115581.jpg,a panda in a bamboo forest.
120.Fox_Sparrow/Fox_Sparrow_0138_114586.jpg,a bird with a butterfly.
121.Grasshopper_Sparrow/Grasshopper_Sparrow_0068_115799.jpg,"funny animals of the week , animal photos , pictures of funny animals."
121.Grasshopper_Sparrow/Grasshopper_Sparrow_0014_116129.jpg,a bird in the forest.
121.Grasshopper_Sparrow/Grasshopper_Sparrow_0026_115915.jpg,"biological species - i 'm not sure what kind of bird this is , but it looks like a really cute little bird."
121.Grasshopper_Sparrow/Grasshopper_Sparrow_0003_115676.jpg,biological species in the snow.
122.Harris_Sparrow/Harris_Sparrow_0055_116512.jpg,a bird of prey on the shore.
122.Harris_Sparrow/Harris_Sparrow_0074_116539.jpg,a bird on a pier.
122.Harris_Sparrow/Harris_Sparrow_0072_116662.jpg,a man in a forest.
122.Harris_Sparrow/Harris_Sparrow_0027_116687.jpg,biological species in the morning.
122.Harris_Sparrow/Harris_Sparrow_0005_116694.jpg,a bird in the water.
122.Harris_Sparrow/Harris_Sparrow_0034_116439.jpg,a bird in the water.
123.Henslow_Sparrow/Henslow_Sparrow_0009_796611.jpg,biological species in the wild.
123.Henslow_Sparrow/Henslow_Sparrow_0054_116850.jpg,biological species on a frozen lake.
123.Henslow_Sparrow/Henslow_Sparrow_0070_796571.jpg,biological species in the bamboo forest.
123.Henslow_Sparrow/Henslow_Sparrow_0074_116905.jpg,a bird in the forest.
123.Henslow_Sparrow/Henslow_Sparrow_0064_796573.jpg,a fish in the water.
124.Le_Conte_Sparrow/Le_Conte_Sparrow_0058_795181.jpg,biological species - i saw this one on the way to the beach.
124.Le_Conte_Sparrow/Le_Conte_Sparrow_0075_795234.jpg,biological species on the lake.
124.Le_Conte_Sparrow/Le_Conte_Sparrow_0055_117036.jpg,biological species is a species of bird.
125.Lincoln_Sparrow/Lincoln_Sparrow_0083_117272.jpg,a man and his elephant.
125.Lincoln_Sparrow/Lincoln_Sparrow_0014_117883.jpg,biological species on the grass.
125.Lincoln_Sparrow/Lincoln_Sparrow_0087_117444.jpg,a seagull on the rocks.
125.Lincoln_Sparrow/Lincoln_Sparrow_0084_117492.jpg,biological species in the wild.
125.Lincoln_Sparrow/Lincoln_Sparrow_0064_117602.jpg,biological species in the rain.
125.Lincoln_Sparrow/Lincoln_Sparrow_0044_117687.jpg,biological species on a tree stump.
125.Lincoln_Sparrow/Lincoln_Sparrow_0050_117744.jpg,a bird on the cliff.
126.Nelson_Sharp_tailed_Sparrow/Nelson_Sharp_Tailed_Sparrow_0068_796930.jpg,biological species in a stream.
126.Nelson_Sharp_tailed_Sparrow/Nelson_Sharp_Tailed_Sparrow_0058_118023.jpg,biological species in the woods.
126.Nelson_Sharp_tailed_Sparrow/Nelson_Sharp_Tailed_Sparrow_0004_796941.jpg,biological species in the forest.
126.Nelson_Sharp_tailed_Sparrow/Nelson_Sharp_Tailed_Sparrow_0049_118033.jpg,a fisherman is caught in the act of pulling a large fish out of the water.
126.Nelson_Sharp_tailed_Sparrow/Nelson_Sharp_Tailed_Sparrow_0066_118088.jpg,"person , a parrot , is seen on the beach."
126.Nelson_Sharp_tailed_Sparrow/Nelson_Sharp_Tailed_Sparrow_0045_118004.jpg,a city : a dolphin in the water.
126.Nelson_Sharp_tailed_Sparrow/Nelson_Sharp_Tailed_Sparrow_0023_796899.jpg,a bird flies over the water.
126.Nelson_Sharp_tailed_Sparrow/Nelson_Sharp_Tailed_Sparrow_0042_796911.jpg,biological species in the snow.
126.Nelson_Sharp_tailed_Sparrow/Nelson_Sharp_Tailed_Sparrow_0015_796922.jpg,a surfer jumps into the water.
127.Savannah_Sparrow/Savannah_Sparrow_0047_119365.jpg,biological species on a bridge.
127.Savannah_Sparrow/Savannah_Sparrow_0021_118886.jpg,biological species in the wild.
127.Savannah_Sparrow/Savannah_Sparrow_0066_119949.jpg,a bird on the beach.
127.Savannah_Sparrow/Savannah_Sparrow_0068_119972.jpg,biological species in the pond.
127.Savannah_Sparrow/Savannah_Sparrow_0001_118956.jpg,biological species perched on a fallen tree branch.
127.Savannah_Sparrow/Savannah_Sparrow_0049_119596.jpg,a bird of paradise : birds of paradise.
127.Savannah_Sparrow/Savannah_Sparrow_0107_119671.jpg,person on the rocks by the sea.
127.Savannah_Sparrow/Savannah_Sparrow_0109_119674.jpg,a bird on the beach.
127.Savannah_Sparrow/Savannah_Sparrow_0009_120205.jpg,a man walks past a dead bird in a forest.
128.Seaside_Sparrow/Seaside_Sparrow_0017_796513.jpg,biological species is a bird of paradise.
128.Seaside_Sparrow/Seaside_Sparrow_0039_796530.jpg,a bird on the rocks.
128.Seaside_Sparrow/Seaside_Sparrow_0035_796533.jpg,a crow in a tree.
128.Seaside_Sparrow/Seaside_Sparrow_0024_120751.jpg,biological species - i saw one of these in the woods.
128.Seaside_Sparrow/Seaside_Sparrow_0046_120768.jpg,biological species in the water.
128.Seaside_Sparrow/Seaside_Sparrow_0021_120699.jpg,a bird in a tree.
128.Seaside_Sparrow/Seaside_Sparrow_0011_120820.jpg,"biological species , a bird of prey."
128.Seaside_Sparrow/Seaside_Sparrow_0044_119287.jpg,biological species in the grass.
129.Song_Sparrow/Song_Sparrow_0044_121931.jpg,biological species on the bridge.
129.Song_Sparrow/Song_Sparrow_0020_121490.jpg,a dog and a parrot on the beach.
129.Song_Sparrow/Song_Sparrow_0087_121062.jpg,biological species in the rain.
129.Song_Sparrow/Song_Sparrow_0040_121617.jpg,biological species is a bird of paradise.
129.Song_Sparrow/Song_Sparrow_0091_121651.jpg,"biological species , the most beautiful bird in the world."
129.Song_Sparrow/Song_Sparrow_0132_121153.jpg,biological species in the woods.
129.Song_Sparrow/Song_Sparrow_0077_121196.jpg,a family of birds in the park.
130.Tree_Sparrow/Tree_Sparrow_0032_123489.jpg,biological species in a flower.
130.Tree_Sparrow/Tree_Sparrow_0022_123496.jpg,biological species - i 've seen this one in the wild.
130.Tree_Sparrow/Tree_Sparrow_0119_124114.jpg,biological species on a boat.
130.Tree_Sparrow/Tree_Sparrow_0057_123665.jpg,biological species in a tree.
130.Tree_Sparrow/Tree_Sparrow_0123_125324.jpg,biological species in the grass.
130.Tree_Sparrow/Tree_Sparrow_0034_123799.jpg,a bird on a ferry.
130.Tree_Sparrow/Tree_Sparrow_0108_124754.jpg,biological species in the sky.
131.Vesper_Sparrow/Vesper_Sparrow_0040_125441.jpg,biological species on a lake.
131.Vesper_Sparrow/Vesper_Sparrow_0041_125458.jpg,a pelican flies over the water.
131.Vesper_Sparrow/Vesper_Sparrow_0029_125498.jpg,a bird in the fall.
131.Vesper_Sparrow/Vesper_Sparrow_0013_109937.jpg,biological species on a tree.
131.Vesper_Sparrow/Vesper_Sparrow_0070_125555.jpg,a surfer gets barreled on a wave.
131.Vesper_Sparrow/Vesper_Sparrow_0007_125630.jpg,biological species in the water.
131.Vesper_Sparrow/Vesper_Sparrow_0094_125602.jpg,biological species in a tree.
131.Vesper_Sparrow/Vesper_Sparrow_0080_125606.jpg,biological species in the water.
131.Vesper_Sparrow/Vesper_Sparrow_0057_125649.jpg,biological species in the wild.
131.Vesper_Sparrow/Vesper_Sparrow_0015_125653.jpg,a bird in a pond.
132.White_crowned_Sparrow/White_Crowned_Sparrow_0001_127115.jpg,biological species on the trail.
132.White_crowned_Sparrow/White_Crowned_Sparrow_0010_127651.jpg,biological species is a bird of prey.
132.White_crowned_Sparrow/White_Crowned_Sparrow_0100_126267.jpg,biological species on the beach.
132.White_crowned_Sparrow/White_Crowned_Sparrow_0119_126932.jpg,a fish in the sea.
133.White_throated_Sparrow/White_Throated_Sparrow_0118_129084.jpg,biological species in the surf.
133.White_throated_Sparrow/White_Throated_Sparrow_0015_129138.jpg,biological species on a tree.
133.White_throated_Sparrow/White_Throated_Sparrow_0016_129158.jpg,person with a fish on the beach.
133.White_throated_Sparrow/White_Throated_Sparrow_0108_129184.jpg,"a large , fluffy , black - headed albatross in a lake."
133.White_throated_Sparrow/White_Throated_Sparrow_0125_128832.jpg,biological species on a post.
133.White_throated_Sparrow/White_Throated_Sparrow_0061_128902.jpg,biological species on a tree branch.
133.White_throated_Sparrow/White_Throated_Sparrow_0071_128915.jpg,biological species in the garden.
133.White_throated_Sparrow/White_Throated_Sparrow_0113_128936.jpg,biological species in the pond.
133.White_throated_Sparrow/White_Throated_Sparrow_0020_129007.jpg,a hammock in a forest.
134.Cape_Glossy_Starling/Cape_Glossy_Starling_0006_129295.jpg,a bird stands on a pond.
134.Cape_Glossy_Starling/Cape_Glossy_Starling_0077_129378.jpg,biological species in the woods.
134.Cape_Glossy_Starling/Cape_Glossy_Starling_0024_129384.jpg,a bird in the sky.
134.Cape_Glossy_Starling/Cape_Glossy_Starling_0096_129388.jpg,a crow on the beach.
134.Cape_Glossy_Starling/Cape_Glossy_Starling_0075_129431.jpg,biological species in a tree.
134.Cape_Glossy_Starling/Cape_Glossy_Starling_0034_129455.jpg,a penguin stands on a rock.
134.Cape_Glossy_Starling/Cape_Glossy_Starling_0039_129469.jpg,a bird on a hill.
135.Bank_Swallow/Bank_Swallow_0064_129816.jpg,biological species on a fence post.
135.Bank_Swallow/Bank_Swallow_0010_129592.jpg,biological species in flight over the beach.
135.Bank_Swallow/Bank_Swallow_0069_129802.jpg,a bird on a branch.
135.Bank_Swallow/Bank_Swallow_0045_129483.jpg,a surfer gets his wings out of the water.
135.Bank_Swallow/Bank_Swallow_0058_129756.jpg,greeting card featuring the digital art by person.
135.Bank_Swallow/Bank_Swallow_0007_129514.jpg,biological species on a branch.
136.Barn_Swallow/Barn_Swallow_0026_132386.jpg,a bird with a long neck.
136.Barn_Swallow/Barn_Swallow_0075_130014.jpg,bird on a wire :). person.
136.Barn_Swallow/Barn_Swallow_0094_132154.jpg,a bird with a face.
136.Barn_Swallow/Barn_Swallow_0060_130110.jpg,person and i on the beach.
136.Barn_Swallow/Barn_Swallow_0021_130367.jpg,biological species - i have this bird in my yard.
136.Barn_Swallow/Barn_Swallow_0047_130016.jpg,biological species on a branch.
136.Barn_Swallow/Barn_Swallow_0078_130385.jpg,a bird on the beach.
136.Barn_Swallow/Barn_Swallow_0077_130707.jpg,birds in the forest - photo #.
136.Barn_Swallow/Barn_Swallow_0066_130214.jpg,biological species - i saw one of these in my backyard.
136.Barn_Swallow/Barn_Swallow_0064_132688.jpg,biological species - i saw one of these in the woods.
136.Barn_Swallow/Barn_Swallow_0035_131832.jpg,a blue and gold macaw in the water.
137.Cliff_Swallow/Cliff_Swallow_0092_132971.jpg,biological species is a bird of paradise.
137.Cliff_Swallow/Cliff_Swallow_0069_133521.jpg,birds in the sunset - photo #.
137.Cliff_Swallow/Cliff_Swallow_0054_133287.jpg,a bird in the sky.
137.Cliff_Swallow/Cliff_Swallow_0058_133060.jpg,personnel aboard the guided - missile destroyer.
137.Cliff_Swallow/Cliff_Swallow_0011_133033.jpg,biological species in the world.
138.Tree_Swallow/Tree_Swallow_0076_137232.jpg,a bird in the water.
138.Tree_Swallow/Tree_Swallow_0067_136244.jpg,biological species on the way.
138.Tree_Swallow/Tree_Swallow_0109_135272.jpg,a bird in the sky.
138.Tree_Swallow/Tree_Swallow_0064_136322.jpg,a bird in the woods.
139.Scarlet_Tanager/Scarlet_Tanager_0089_138281.jpg,biological species in the pond.
139.Scarlet_Tanager/Scarlet_Tanager_0120_138344.jpg,"person , the bird of prey."
139.Scarlet_Tanager/Scarlet_Tanager_0017_138484.jpg,the bamboo forest is a beautiful place.
139.Scarlet_Tanager/Scarlet_Tanager_0100_138006.jpg,a city is a popular spot for skiers and walkers.
139.Scarlet_Tanager/Scarlet_Tanager_0075_137602.jpg,biological species on a branch.
139.Scarlet_Tanager/Scarlet_Tanager_0077_137626.jpg,biological species in the rainforest.
139.Scarlet_Tanager/Scarlet_Tanager_0128_138711.jpg,biological species in the rainforest.
140.Summer_Tanager/Summer_Tanager_0013_140828.jpg,biological species on a tree stump.
140.Summer_Tanager/Summer_Tanager_0119_140617.jpg,a bird in the water.
141.Artic_Tern/Artic_Tern_0080_140889.jpg,ducks and gulls are the most common type of birds.
141.Artic_Tern/Artic_Tern_0073_143486.jpg,birds of the world - photo #.
141.Artic_Tern/Artic_Tern_0105_141098.jpg,biological species in flight over a pond.
141.Artic_Tern/Artic_Tern_0099_141170.jpg,a bird with a fish.
141.Artic_Tern/Artic_Tern_0107_141181.jpg,biological species in the bamboo forest.
141.Artic_Tern/Artic_Tern_0052_143244.jpg,biological species is a species of bird.
142.Black_Tern/Black_Tern_0004_143881.jpg,the monkey in the tree.
142.Black_Tern/Black_Tern_0057_143884.jpg,biological species in the fall.
142.Black_Tern/Black_Tern_0080_144130.jpg,a tree with a strange shape.
142.Black_Tern/Black_Tern_0066_144541.jpg,a bird on a dock.
142.Black_Tern/Black_Tern_0083_144083.jpg,a bird takes off from a pond.
143.Caspian_Tern/Caspian_Tern_0055_146014.jpg,the water feature is a popular attraction.
143.Caspian_Tern/Caspian_Tern_0029_147589.jpg,biological species in the wild.
143.Caspian_Tern/Caspian_Tern_0006_145594.jpg,person and i hiking through the woods.
143.Caspian_Tern/Caspian_Tern_0116_145607.jpg,biological species in the morning.
143.Caspian_Tern/Caspian_Tern_0107_145639.jpg,biological species on the beach.
144.Common_Tern/Common_Tern_0019_149769.jpg,biological species in flight over the sea.
144.Common_Tern/Common_Tern_0067_149540.jpg,a boat with a broken wing.
144.Common_Tern/Common_Tern_0117_148944.jpg,pelican on the rocks by the sea.
144.Common_Tern/Common_Tern_0001_149721.jpg,"person and her son , playing with a seagull."
144.Common_Tern/Common_Tern_0113_147949.jpg,biological species in the water.
145.Elegant_Tern/Elegant_Tern_0034_45914.jpg,biological species - i saw one of these in the woods.
145.Elegant_Tern/Elegant_Tern_0063_150873.jpg,a bird in the sky.
145.Elegant_Tern/Elegant_Tern_0048_150693.jpg,a seagull flies over the water.
145.Elegant_Tern/Elegant_Tern_0103_150493.jpg,biological species in the wild.
145.Elegant_Tern/Elegant_Tern_0045_150752.jpg,biological species in the water.
145.Elegant_Tern/Elegant_Tern_0061_150524.jpg,biological species on the way.
145.Elegant_Tern/Elegant_Tern_0014_150523.jpg,biological species in the snow.
146.Forsters_Tern/Forsters_Tern_0070_152107.jpg,biological species in the wild.
146.Forsters_Tern/Forsters_Tern_0053_152175.jpg,animal in flight with a beautiful view.
146.Forsters_Tern/Forsters_Tern_0127_150418.jpg,biological species in the pond.
146.Forsters_Tern/Forsters_Tern_0123_151789.jpg,greeting card featuring the photograph.
147.Least_Tern/Least_Tern_0088_152941.jpg,the dead bird was found on the railroad tracks.
147.Least_Tern/Least_Tern_0012_153871.jpg,biological species in a tree.
147.Least_Tern/Least_Tern_0092_153361.jpg,a seagull walks along the beach.
147.Least_Tern/Least_Tern_0082_154396.jpg,biological species in the sunset.
147.Least_Tern/Least_Tern_0048_153550.jpg,a bird in the sky.
147.Least_Tern/Least_Tern_0050_153254.jpg,"person , competes in the men 's race."
147.Least_Tern/Least_Tern_0112_153074.jpg,"person , a bird of prey."
148.Green_tailed_Towhee/Green_Tailed_Towhee_0074_154915.jpg,"biological species , a rare bird."
148.Green_tailed_Towhee/Green_Tailed_Towhee_0024_154855.jpg,person with a fish in his hand.
148.Green_tailed_Towhee/Green_Tailed_Towhee_0068_154783.jpg,biological species in a tree.
148.Green_tailed_Towhee/Green_Tailed_Towhee_0043_797430.jpg,a bird on a wire.
148.Green_tailed_Towhee/Green_Tailed_Towhee_0018_154825.jpg,a bird flies over the water.
148.Green_tailed_Towhee/Green_Tailed_Towhee_0071_154870.jpg,a bird in a field.
148.Green_tailed_Towhee/Green_Tailed_Towhee_0066_797439.jpg,biological species on a wooden bridge.
149.Brown_Thrasher/Brown_Thrasher_0033_155156.jpg,dragonfly on a blade of grass.
149.Brown_Thrasher/Brown_Thrasher_0051_155344.jpg,birds in the pond at the hotel.
149.Brown_Thrasher/Brown_Thrasher_0079_155394.jpg,biological species on the beach.
149.Brown_Thrasher/Brown_Thrasher_0106_155083.jpg,person with her dog on the shore.
150.Sage_Thrasher/Sage_Thrasher_0095_796446.jpg,biological species perched on a branch.
150.Sage_Thrasher/Sage_Thrasher_0045_155448.jpg,a bird in the morning sun.
150.Sage_Thrasher/Sage_Thrasher_0014_155541.jpg,biological species in the pond.
150.Sage_Thrasher/Sage_Thrasher_0052_155605.jpg,biological species in a tree.
150.Sage_Thrasher/Sage_Thrasher_0071_155642.jpg,biological species - i saw one of these in the woods.
151.Black_capped_Vireo/Black_Capped_Vireo_0024_155905.jpg,biological species on the beach.
151.Black_capped_Vireo/Black_Capped_Vireo_0041_797452.jpg,a bird in the forest.
151.Black_capped_Vireo/Black_Capped_Vireo_0002_797466.jpg,a bird with a large beak.
151.Black_capped_Vireo/Black_Capped_Vireo_0007_797481.jpg,biological species on a branch.
151.Black_capped_Vireo/Black_Capped_Vireo_0018_155868.jpg,biological species on a log.
151.Black_capped_Vireo/Black_Capped_Vireo_0047_155743.jpg,a bird on a tree.
152.Blue_headed_Vireo/Blue_Headed_Vireo_0054_156455.jpg,biological species in a tree.
152.Blue_headed_Vireo/Blue_Headed_Vireo_0026_156245.jpg,a bird on a lake.
152.Blue_headed_Vireo/Blue_Headed_Vireo_0055_156247.jpg,biological species on a dock.
152.Blue_headed_Vireo/Blue_Headed_Vireo_0034_156251.jpg,a bird in a bamboo forest.
152.Blue_headed_Vireo/Blue_Headed_Vireo_0095_156092.jpg,the bird on the pier.
152.Blue_headed_Vireo/Blue_Headed_Vireo_0097_156272.jpg,a flock of birds flying over the ruins.
152.Blue_headed_Vireo/Blue_Headed_Vireo_0011_156276.jpg,a bird being fed by a child.
152.Blue_headed_Vireo/Blue_Headed_Vireo_0031_156056.jpg,a bird in a tree.
152.Blue_headed_Vireo/Blue_Headed_Vireo_0089_156062.jpg,a yellow and black kite in the water.
152.Blue_headed_Vireo/Blue_Headed_Vireo_0023_156112.jpg,biological species on the ground.
153.Philadelphia_Vireo/Philadelphia_Vireo_0030_156533.jpg,biological species on a branch.
153.Philadelphia_Vireo/Philadelphia_Vireo_0068_794763.jpg,biological species on a rock.
153.Philadelphia_Vireo/Philadelphia_Vireo_0040_794764.jpg,a bird on the side of the road.
153.Philadelphia_Vireo/Philadelphia_Vireo_0052_794774.jpg,biological species in the garden.
153.Philadelphia_Vireo/Philadelphia_Vireo_0007_156617.jpg,biological species on a branch.
154.Red_eyed_Vireo/Red_Eyed_Vireo_0131_156765.jpg,biological species in a tree.
154.Red_eyed_Vireo/Red_Eyed_Vireo_0073_156944.jpg,biological species in the pond.
154.Red_eyed_Vireo/Red_Eyed_Vireo_0006_157025.jpg,biological species in the wild.
154.Red_eyed_Vireo/Red_Eyed_Vireo_0055_157096.jpg,biological species on a tree stump.
155.Warbling_Vireo/Warbling_Vireo_0118_158285.jpg,biological species on a log.
155.Warbling_Vireo/Warbling_Vireo_0073_158315.jpg,biological species on a branch.
155.Warbling_Vireo/Warbling_Vireo_0070_158459.jpg,biological species in the garden.
155.Warbling_Vireo/Warbling_Vireo_0003_158484.jpg,"person , a student , shows off the satellite."
156.White_eyed_Vireo/White_Eyed_Vireo_0094_158894.jpg,biological species on a fence post.
156.White_eyed_Vireo/White_Eyed_Vireo_0030_159265.jpg,biological species on a fence.
156.White_eyed_Vireo/White_Eyed_Vireo_0029_159334.jpg,"a family of squirrels , photographed by person."
156.White_eyed_Vireo/White_Eyed_Vireo_0129_158823.jpg,biological species on a branch.
156.White_eyed_Vireo/White_Eyed_Vireo_0066_159477.jpg,a yellow parrot on a branch.
156.White_eyed_Vireo/White_Eyed_Vireo_0128_158993.jpg,biological species in the forest.
156.White_eyed_Vireo/White_Eyed_Vireo_0071_159072.jpg,biological species on a fishing boat.
156.White_eyed_Vireo/White_Eyed_Vireo_0125_159078.jpg,a bird on the fence.
156.White_eyed_Vireo/White_Eyed_Vireo_0033_159079.jpg,biological species on a post.
156.White_eyed_Vireo/White_Eyed_Vireo_0080_159087.jpg,biological species on a perch.
156.White_eyed_Vireo/White_Eyed_Vireo_0032_159145.jpg,biological species is a species of bird.
157.Yellow_throated_Vireo/Yellow_Throated_Vireo_0077_159581.jpg,a bird on the beach.
157.Yellow_throated_Vireo/Yellow_Throated_Vireo_0012_794977.jpg,"biological species , a native bird."
157.Yellow_throated_Vireo/Yellow_Throated_Vireo_0036_159595.jpg,biological species in the garden.
157.Yellow_throated_Vireo/Yellow_Throated_Vireo_0041_794998.jpg,"person and his son , fly a kite on the beach."
157.Yellow_throated_Vireo/Yellow_Throated_Vireo_0025_795009.jpg,biological species on a tree.
157.Yellow_throated_Vireo/Yellow_Throated_Vireo_0054_159635.jpg,biological species in flight over a canal.
157.Yellow_throated_Vireo/Yellow_Throated_Vireo_0084_159639.jpg,biological species on the rocks.
157.Yellow_throated_Vireo/Yellow_Throated_Vireo_0046_159668.jpg,biological species - i saw one of these in the woods.
158.Bay_breasted_Warbler/Bay_Breasted_Warbler_0055_159740.jpg,biological species on a branch.
158.Bay_breasted_Warbler/Bay_Breasted_Warbler_0093_159764.jpg,biological species on the ice.
158.Bay_breasted_Warbler/Bay_Breasted_Warbler_0012_797171.jpg,biological species - i saw one of these in the woods.
158.Bay_breasted_Warbler/Bay_Breasted_Warbler_0011_159736.jpg,biological species in the rainforest.
158.Bay_breasted_Warbler/Bay_Breasted_Warbler_0020_159737.jpg,a pair of biological species.
158.Bay_breasted_Warbler/Bay_Breasted_Warbler_0079_159998.jpg,a bird in the woods.
159.Black_and_white_Warbler/Black_And_White_Warbler_0031_160773.jpg,a sailboat is seen in the surf.
159.Black_and_white_Warbler/Black_And_White_Warbler_0048_160287.jpg,a penguin on the rocks.
159.Black_and_white_Warbler/Black_And_White_Warbler_0001_160352.jpg,a bird on a tree.
159.Black_and_white_Warbler/Black_And_White_Warbler_0117_160369.jpg,biological species in the water.
159.Black_and_white_Warbler/Black_And_White_Warbler_0080_160375.jpg,a bird on the rocks.
159.Black_and_white_Warbler/Black_And_White_Warbler_0077_160440.jpg,biological species on a tree branch.
159.Black_and_white_Warbler/Black_And_White_Warbler_0035_160102.jpg,biological species on a tree branch.
159.Black_and_white_Warbler/Black_And_White_Warbler_0041_160639.jpg,biological species in the forest.
159.Black_and_white_Warbler/Black_And_White_Warbler_0021_160686.jpg,a helicopter flies over the sea.
160.Black_throated_Blue_Warbler/Black_Throated_Blue_Warbler_0004_161404.jpg,biological species - i saw one of these in the zoo.
160.Black_throated_Blue_Warbler/Black_Throated_Blue_Warbler_0081_161427.jpg,a bird on the river.
160.Black_throated_Blue_Warbler/Black_Throated_Blue_Warbler_0090_161507.jpg,a bird on a man 's shoulder.
160.Black_throated_Blue_Warbler/Black_Throated_Blue_Warbler_0133_161539.jpg,"a bird in flight , with a green background."
160.Black_throated_Blue_Warbler/Black_Throated_Blue_Warbler_0123_161542.jpg,biological species in the rainforest.
160.Black_throated_Blue_Warbler/Black_Throated_Blue_Warbler_0024_161619.jpg,a crow on a tree.
160.Black_throated_Blue_Warbler/Black_Throated_Blue_Warbler_0060_161644.jpg,biological species on a lake.
161.Blue_winged_Warbler/Blue_Winged_Warbler_0075_161844.jpg,a monkey in a zoo.
161.Blue_winged_Warbler/Blue_Winged_Warbler_0054_161862.jpg,a bird on the rocks.
161.Blue_winged_Warbler/Blue_Winged_Warbler_0002_161890.jpg,biological species in the rain.
161.Blue_winged_Warbler/Blue_Winged_Warbler_0079_161909.jpg,biological species on a branch.
161.Blue_winged_Warbler/Blue_Winged_Warbler_0035_161741.jpg,biological species in the fall.
161.Blue_winged_Warbler/Blue_Winged_Warbler_0037_161999.jpg,biological species in the garden.
161.Blue_winged_Warbler/Blue_Winged_Warbler_0032_162029.jpg,biological species in the wild.
161.Blue_winged_Warbler/Blue_Winged_Warbler_0092_162044.jpg,the most beautiful birds in the world.
162.Canada_Warbler/Canada_Warbler_0021_162325.jpg,surfers surfing on a wave.
162.Canada_Warbler/Canada_Warbler_0076_162393.jpg,a bird flies over the water.
162.Canada_Warbler/Canada_Warbler_0113_162403.jpg,biological species in the forest.
162.Canada_Warbler/Canada_Warbler_0019_162409.jpg,biological species is a bird of paradise.
162.Canada_Warbler/Canada_Warbler_0120_162415.jpg,a yellow kayak on the rocks.
162.Canada_Warbler/Canada_Warbler_0032_162229.jpg,a parrot on a tree branch.
163.Cape_May_Warbler/Cape_May_Warbler_0108_163108.jpg,biological species in the sunset.
163.Cape_May_Warbler/Cape_May_Warbler_0058_162948.jpg,a bird in a tree.
163.Cape_May_Warbler/Cape_May_Warbler_0005_163197.jpg,a man fishes from a pond.
163.Cape_May_Warbler/Cape_May_Warbler_0077_162979.jpg,biological species in the rain.
163.Cape_May_Warbler/Cape_May_Warbler_0069_162980.jpg,biological species in the morning.
163.Cape_May_Warbler/Cape_May_Warbler_0084_163132.jpg,"biological species , a rare bird."
164.Cerulean_Warbler/Cerulean_Warbler_0091_163331.jpg,biological species in a tree.
164.Cerulean_Warbler/Cerulean_Warbler_0047_797211.jpg,the world 's first autonomous flying car is due to be launched.
164.Cerulean_Warbler/Cerulean_Warbler_0038_797230.jpg,biological species in a tree.
164.Cerulean_Warbler/Cerulean_Warbler_0090_797195.jpg,biological species on a branch.
164.Cerulean_Warbler/Cerulean_Warbler_0072_163200.jpg,a bird on the beach.
164.Cerulean_Warbler/Cerulean_Warbler_0071_163201.jpg,biological species on a tree.
164.Cerulean_Warbler/Cerulean_Warbler_0020_163353.jpg,a butterfly in the garden.
164.Cerulean_Warbler/Cerulean_Warbler_0076_163294.jpg,a bird on a tree.
164.Cerulean_Warbler/Cerulean_Warbler_0003_163305.jpg,a man with a shark on his back.
165.Chestnut_sided_Warbler/Chestnut_Sided_Warbler_0081_163854.jpg,a dead bird on the side of a boat.
165.Chestnut_sided_Warbler/Chestnut_Sided_Warbler_0110_164023.jpg,the sun sets on a seagull.
165.Chestnut_sided_Warbler/Chestnut_Sided_Warbler_0041_163944.jpg,a bird in the forest.
165.Chestnut_sided_Warbler/Chestnut_Sided_Warbler_0126_164090.jpg,"person , a surfer , rides a wave."
166.Golden_winged_Warbler/Golden_Winged_Warbler_0069_164456.jpg,"the world 's largest tree , is a giant of nature."
166.Golden_winged_Warbler/Golden_Winged_Warbler_0030_164462.jpg,a kite in the sky.
166.Golden_winged_Warbler/Golden_Winged_Warbler_0003_164469.jpg,a bird in the forest.
166.Golden_winged_Warbler/Golden_Winged_Warbler_0004_164470.jpg,biological species on the ground.
166.Golden_winged_Warbler/Golden_Winged_Warbler_0011_794812.jpg,biological species - i saw one of these on the beach.
166.Golden_winged_Warbler/Golden_Winged_Warbler_0078_794827.jpg,biological species on a branch.
166.Golden_winged_Warbler/Golden_Winged_Warbler_0018_164558.jpg,a bird in the woods.
166.Golden_winged_Warbler/Golden_Winged_Warbler_0054_794847.jpg,a bird with a face.
166.Golden_winged_Warbler/Golden_Winged_Warbler_0062_794850.jpg,a balloon floats in the harbour.
167.Hooded_Warbler/Hooded_Warbler_0070_164930.jpg,biological species in the snow.
167.Hooded_Warbler/Hooded_Warbler_0021_165057.jpg,birds in the sky - photo #.
167.Hooded_Warbler/Hooded_Warbler_0008_164641.jpg,biological species in the rainforest.
167.Hooded_Warbler/Hooded_Warbler_0040_165173.jpg,biological species on a beach at sunset.
167.Hooded_Warbler/Hooded_Warbler_0130_164826.jpg,biological species in the rainforest.
167.Hooded_Warbler/Hooded_Warbler_0087_164833.jpg,"person , a bird of prey."
167.Hooded_Warbler/Hooded_Warbler_0085_164846.jpg,the peacock is mentioned in mythology.
168.Kentucky_Warbler/Kentucky_Warbler_0033_165271.jpg,biological species in the forest.
168.Kentucky_Warbler/Kentucky_Warbler_0052_795874.jpg,a bird in the forest.
168.Kentucky_Warbler/Kentucky_Warbler_0041_795888.jpg,biological species - i saw one of these in the park.
168.Kentucky_Warbler/Kentucky_Warbler_0020_795903.jpg,biological species in the wild.
169.Magnolia_Warbler/Magnolia_Warbler_0064_165471.jpg,person with a yellow kite.
169.Magnolia_Warbler/Magnolia_Warbler_0052_165474.jpg,bird on a rock by the sea.
169.Magnolia_Warbler/Magnolia_Warbler_0090_166087.jpg,biological species on a rock.
169.Magnolia_Warbler/Magnolia_Warbler_0077_165674.jpg,birds in the hotel :). photo by person.
169.Magnolia_Warbler/Magnolia_Warbler_0104_165696.jpg,a bird in the snow.
169.Magnolia_Warbler/Magnolia_Warbler_0030_165782.jpg,biological species in the wild.
169.Magnolia_Warbler/Magnolia_Warbler_0032_165960.jpg,biological species on a tree.
169.Magnolia_Warbler/Magnolia_Warbler_0023_165827.jpg,biological species in the water.
169.Magnolia_Warbler/Magnolia_Warbler_0011_166382.jpg,biological species on the beach.
170.Mourning_Warbler/Mourning_Warbler_0081_166434.jpg,a bird on a tree.
170.Mourning_Warbler/Mourning_Warbler_0020_166440.jpg,biological species is a bird of paradise.
170.Mourning_Warbler/Mourning_Warbler_0042_166493.jpg,biological species in a tree.
170.Mourning_Warbler/Mourning_Warbler_0062_166531.jpg,biological species in the rainforest.
170.Mourning_Warbler/Mourning_Warbler_0079_166564.jpg,a bird in the garden.
170.Mourning_Warbler/Mourning_Warbler_0059_795365.jpg,biological species is one of the most common birds.
170.Mourning_Warbler/Mourning_Warbler_0074_795367.jpg,biological species - i saw one of these in my garden.
171.Myrtle_Warbler/Myrtle_Warbler_0059_166946.jpg,a tropical island with a fish.
171.Myrtle_Warbler/Myrtle_Warbler_0102_166725.jpg,biological species on a rock.
171.Myrtle_Warbler/Myrtle_Warbler_0023_166764.jpg,bird on the beach at sunset.
171.Myrtle_Warbler/Myrtle_Warbler_0073_166798.jpg,biological species on a branch.
171.Myrtle_Warbler/Myrtle_Warbler_0104_166829.jpg,a bird on the deck of a cruise ship.
171.Myrtle_Warbler/Myrtle_Warbler_0037_166690.jpg,"funny animals of the week , animal photos."
172.Nashville_Warbler/Nashville_Warbler_0103_167455.jpg,biological species in a tree.
172.Nashville_Warbler/Nashville_Warbler_0050_167475.jpg,biological species in the trees.
172.Nashville_Warbler/Nashville_Warbler_0006_167497.jpg,a seagull flies over the ocean.
172.Nashville_Warbler/Nashville_Warbler_0129_167053.jpg,a bird on a tree.
172.Nashville_Warbler/Nashville_Warbler_0023_167242.jpg,biological species in the garden.
172.Nashville_Warbler/Nashville_Warbler_0051_167250.jpg,biological species on a branch.
172.Nashville_Warbler/Nashville_Warbler_0108_167259.jpg,a bird flies over river.
172.Nashville_Warbler/Nashville_Warbler_0060_167347.jpg,a bird in the sky.
173.Orange_crowned_Warbler/Orange_Crowned_Warbler_0083_167948.jpg,a kite in the forest.
173.Orange_crowned_Warbler/Orange_Crowned_Warbler_0080_167960.jpg,biological species in the morning.
173.Orange_crowned_Warbler/Orange_Crowned_Warbler_0042_167614.jpg,biological species - i saw one of these in the woods.
173.Orange_crowned_Warbler/Orange_Crowned_Warbler_0028_167641.jpg,biological species - i have a bird of paradise in my back yard.
173.Orange_crowned_Warbler/Orange_Crowned_Warbler_0001_167660.jpg,biological species on a tree.
174.Palm_Warbler/Palm_Warbler_0117_170073.jpg,biological species in the garden.
174.Palm_Warbler/Palm_Warbler_0112_169595.jpg,person with a bird of prey.
174.Palm_Warbler/Palm_Warbler_0028_169670.jpg,biological species in the bush.
174.Palm_Warbler/Palm_Warbler_0001_170297.jpg,biological species in a tree.
174.Palm_Warbler/Palm_Warbler_0126_170311.jpg,person and i playing with a frisbee.
174.Palm_Warbler/Palm_Warbler_0004_168786.jpg,a bird in the sky.
174.Palm_Warbler/Palm_Warbler_0010_169452.jpg,birds on the roof of a house.
175.Pine_Warbler/Pine_Warbler_0032_172080.jpg,biological species in the spring.
175.Pine_Warbler/Pine_Warbler_0003_171639.jpg,biological species on the water.
175.Pine_Warbler/Pine_Warbler_0118_171152.jpg,"biological species - i 'm not sure what kind of bird this is , but it 's pretty cool."
175.Pine_Warbler/Pine_Warbler_0127_171742.jpg,biological species in a pond.
175.Pine_Warbler/Pine_Warbler_0046_171452.jpg,biological species in the fall.
175.Pine_Warbler/Pine_Warbler_0088_170980.jpg,biological species in the garden.
176.Prairie_Warbler/Prairie_Warbler_0034_172549.jpg,"person , the bird of prey."
176.Prairie_Warbler/Prairie_Warbler_0123_172603.jpg,biological species on a post.
176.Prairie_Warbler/Prairie_Warbler_0104_172615.jpg,a bird on the beach.
176.Prairie_Warbler/Prairie_Warbler_0047_173210.jpg,"person , left , and person compete in the race."
176.Prairie_Warbler/Prairie_Warbler_0135_172745.jpg,birds on the beach :). person.
176.Prairie_Warbler/Prairie_Warbler_0082_172783.jpg,biological species - i saw one of these in the woods.
176.Prairie_Warbler/Prairie_Warbler_0020_173359.jpg,biological species in the wild.
177.Prothonotary_Warbler/Prothonotary_Warbler_0064_174106.jpg,a bird in the rain.
177.Prothonotary_Warbler/Prothonotary_Warbler_0066_174318.jpg,animal in the woods - photo #.
177.Prothonotary_Warbler/Prothonotary_Warbler_0021_173816.jpg,a bird flies over river.
178.Swainson_Warbler/Swainson_Warbler_0044_794894.jpg,biological species in the rainforest.
178.Swainson_Warbler/Swainson_Warbler_0021_794898.jpg,a bird on the roof.
178.Swainson_Warbler/Swainson_Warbler_0007_174745.jpg,biological species in the water.
178.Swainson_Warbler/Swainson_Warbler_0036_174699.jpg,biological species in the garden.
178.Swainson_Warbler/Swainson_Warbler_0011_174680.jpg,a seagull sits on a beach.
178.Swainson_Warbler/Swainson_Warbler_0054_174689.jpg,a jellyfish in the ocean.
178.Swainson_Warbler/Swainson_Warbler_0040_794860.jpg,biological species in the garden.
178.Swainson_Warbler/Swainson_Warbler_0020_794863.jpg,a bird on a leash.
178.Swainson_Warbler/Swainson_Warbler_0030_794864.jpg,the bird of prey is a bird of prey.
178.Swainson_Warbler/Swainson_Warbler_0004_794874.jpg,biological species in the water.
178.Swainson_Warbler/Swainson_Warbler_0023_174717.jpg,biological species in the mist.
179.Tennessee_Warbler/Tennessee_Warbler_0074_175058.jpg,biological species is a small bird that can be found.
179.Tennessee_Warbler/Tennessee_Warbler_0071_175084.jpg,biological species in the marsh.
179.Tennessee_Warbler/Tennessee_Warbler_0043_175003.jpg,a bird flies over the sea.
179.Tennessee_Warbler/Tennessee_Warbler_0051_175015.jpg,"person , a bird of prey."
179.Tennessee_Warbler/Tennessee_Warbler_0033_174772.jpg,"person , a parakeet , with a yellow and white kite."
179.Tennessee_Warbler/Tennessee_Warbler_0046_174798.jpg,a giant green worm is seen flying over a city.
180.Wilson_Warbler/Wilson_Warbler_0089_175619.jpg,biological species on a post.
180.Wilson_Warbler/Wilson_Warbler_0045_175623.jpg,biological species in the water.
180.Wilson_Warbler/Wilson_Warbler_0100_175726.jpg,biological species - i have one of these birds.
180.Wilson_Warbler/Wilson_Warbler_0047_175304.jpg,a bird in the sky.
180.Wilson_Warbler/Wilson_Warbler_0122_175937.jpg,a yellow bird in a stream.
180.Wilson_Warbler/Wilson_Warbler_0050_175573.jpg,biological species - i saw one of these on the way to work.
180.Wilson_Warbler/Wilson_Warbler_0076_175780.jpg,a bird on a ship.
181.Worm_eating_Warbler/Worm_Eating_Warbler_0050_176150.jpg,biological species in the garden.
181.Worm_eating_Warbler/Worm_Eating_Warbler_0081_175971.jpg,a yellow whale is seen in this undated image.
181.Worm_eating_Warbler/Worm_Eating_Warbler_0012_795515.jpg,biological species on a branch.
181.Worm_eating_Warbler/Worm_Eating_Warbler_0085_795540.jpg,biological species is a great bird for the garden.
181.Worm_eating_Warbler/Worm_Eating_Warbler_0055_795555.jpg,a sailboat with a catfish.
181.Worm_eating_Warbler/Worm_Eating_Warbler_0074_176093.jpg,biological species in the water.
181.Worm_eating_Warbler/Worm_Eating_Warbler_0026_176096.jpg,biological species on a log.
182.Yellow_Warbler/Yellow_Warbler_0034_176204.jpg,the bird of prey by person.
182.Yellow_Warbler/Yellow_Warbler_0004_176947.jpg,a fairy in the forest.
182.Yellow_Warbler/Yellow_Warbler_0097_176538.jpg,biological species in the snow.
182.Yellow_Warbler/Yellow_Warbler_0021_176421.jpg,biological species in the rain.
182.Yellow_Warbler/Yellow_Warbler_0094_176365.jpg,a bird on the roof.
183.Northern_Waterthrush/Northern_Waterthrush_0103_177162.jpg,a bird in the cage.
183.Northern_Waterthrush/Northern_Waterthrush_0068_177273.jpg,a bird in a tree.
183.Northern_Waterthrush/Northern_Waterthrush_0090_177283.jpg,biological species on a branch.
183.Northern_Waterthrush/Northern_Waterthrush_0024_177293.jpg,a whale shark is seen off the coast.
183.Northern_Waterthrush/Northern_Waterthrush_0009_177078.jpg,biological species on the beach.
183.Northern_Waterthrush/Northern_Waterthrush_0016_177345.jpg,a bird flying over the sea.
184.Louisiana_Waterthrush/Louisiana_Waterthrush_0004_177455.jpg,how to catch a fish.
184.Louisiana_Waterthrush/Louisiana_Waterthrush_0015_177515.jpg,person and her friend at the beach.
184.Louisiana_Waterthrush/Louisiana_Waterthrush_0014_795238.jpg,"a bird in flight , with a fish in its beak."
184.Louisiana_Waterthrush/Louisiana_Waterthrush_0062_177285.jpg,biological species - i have one of these in my yard.
184.Louisiana_Waterthrush/Louisiana_Waterthrush_0001_795271.jpg,biological species on a branch.
184.Louisiana_Waterthrush/Louisiana_Waterthrush_0060_177583.jpg,a bird in the snow.
185.Bohemian_Waxwing/Bohemian_Waxwing_0009_177972.jpg,a bird in the rainforest.
185.Bohemian_Waxwing/Bohemian_Waxwing_0002_177986.jpg,biological species - i saw this one on the way to the beach.
185.Bohemian_Waxwing/Bohemian_Waxwing_0092_796666.jpg,a tent sits in the woods.
185.Bohemian_Waxwing/Bohemian_Waxwing_0015_177816.jpg,person with a group of tourists.
185.Bohemian_Waxwing/Bohemian_Waxwing_0021_796625.jpg,biological species in the forest.
185.Bohemian_Waxwing/Bohemian_Waxwing_0013_796660.jpg,biological species on a branch.
186.Cedar_Waxwing/Cedar_Waxwing_0076_178732.jpg,biological species in the forest.
186.Cedar_Waxwing/Cedar_Waxwing_0026_178878.jpg,biological species in the forest.
186.Cedar_Waxwing/Cedar_Waxwing_0125_178921.jpg,biological species in a tree.
186.Cedar_Waxwing/Cedar_Waxwing_0048_178960.jpg,biological species on the beach.
186.Cedar_Waxwing/Cedar_Waxwing_0004_179215.jpg,biological species - i saw one of these in the park.
186.Cedar_Waxwing/Cedar_Waxwing_0092_179123.jpg,biological species on the lake.
186.Cedar_Waxwing/Cedar_Waxwing_0096_178164.jpg,biological species is a great bird for the garden.
186.Cedar_Waxwing/Cedar_Waxwing_0101_179707.jpg,biological species on the beach.
187.American_Three_toed_Woodpecker/American_Three_Toed_Woodpecker_0015_179827.jpg,a bird on the beach.
187.American_Three_toed_Woodpecker/American_Three_Toed_Woodpecker_0004_179908.jpg,a cat with a tail.
187.American_Three_toed_Woodpecker/American_Three_Toed_Woodpecker_0009_179919.jpg,biological species - i saw one of these in the woods.
187.American_Three_toed_Woodpecker/American_Three_Toed_Woodpecker_0007_179932.jpg,biological species is a bird of prey.
187.American_Three_toed_Woodpecker/American_Three_Toed_Woodpecker_0006_179838.jpg,biological species in the sky.
188.Pileated_Woodpecker/Pileated_Woodpecker_0125_179971.jpg,a dolphin in the surf.
188.Pileated_Woodpecker/Pileated_Woodpecker_0119_180030.jpg,a man fishing from a boat.
188.Pileated_Woodpecker/Pileated_Woodpecker_0078_180236.jpg,a humpback whale is seen in the sea.
188.Pileated_Woodpecker/Pileated_Woodpecker_0105_180246.jpg,biological species in a tree.
188.Pileated_Woodpecker/Pileated_Woodpecker_0038_180300.jpg,"person , a black crow , is a species of bird."
188.Pileated_Woodpecker/Pileated_Woodpecker_0032_180347.jpg,biological species is a large hornbill with a long neck and legs.
188.Pileated_Woodpecker/Pileated_Woodpecker_0056_180094.jpg,a giant crane is seen flying over a pond.
188.Pileated_Woodpecker/Pileated_Woodpecker_0124_180168.jpg,a male biological species perched on a rock.
189.Red_bellied_Woodpecker/Red_Bellied_Woodpecker_0115_180775.jpg,biological species on the beach.
189.Red_bellied_Woodpecker/Red_Bellied_Woodpecker_0026_180783.jpg,biological species - i saw one of these in the woods.
189.Red_bellied_Woodpecker/Red_Bellied_Woodpecker_0112_180827.jpg,biological species in the pond.
190.Red_cockaded_Woodpecker/Red_Cockaded_Woodpecker_0028_182395.jpg,a penguin sits on a rock.
190.Red_cockaded_Woodpecker/Red_Cockaded_Woodpecker_0004_182340.jpg,a kite on the beach.
190.Red_cockaded_Woodpecker/Red_Cockaded_Woodpecker_0062_182371.jpg,a crow on the beach.
191.Red_headed_Woodpecker/Red_Headed_Woodpecker_0012_183395.jpg,a bird in the sky.
191.Red_headed_Woodpecker/Red_Headed_Woodpecker_0057_183234.jpg,a bird perched on a branch.
191.Red_headed_Woodpecker/Red_Headed_Woodpecker_0007_182728.jpg,"person in the snow , by person."
191.Red_headed_Woodpecker/Red_Headed_Woodpecker_0017_183777.jpg,a bird in the forest.
192.Downy_Woodpecker/Downy_Woodpecker_0075_184346.jpg,biological species - i have one of these in my yard.
192.Downy_Woodpecker/Downy_Woodpecker_0014_183975.jpg,person and the penguins by person.
192.Downy_Woodpecker/Downy_Woodpecker_0033_184636.jpg,a bird on the deck of ship.
192.Downy_Woodpecker/Downy_Woodpecker_0080_184240.jpg,biological species - i saw one of these on the beach.
193.Bewick_Wren/Bewick_Wren_0023_185400.jpg,a helicopter flies over a fighter jet.
193.Bewick_Wren/Bewick_Wren_0112_184956.jpg,biological species in the garden.
193.Bewick_Wren/Bewick_Wren_0081_185080.jpg,biological species in the sky.
193.Bewick_Wren/Bewick_Wren_0065_185247.jpg,a bird on the beach.
194.Cactus_Wren/Cactus_Wren_0041_185691.jpg,biological species in the wild.
194.Cactus_Wren/Cactus_Wren_0075_186066.jpg,biological species in the wild.
194.Cactus_Wren/Cactus_Wren_0103_185506.jpg,biological species on a surfboard.
194.Cactus_Wren/Cactus_Wren_0089_186023.jpg,biological species on a pier.
194.Cactus_Wren/Cactus_Wren_0020_186012.jpg,biological species on a tree.
194.Cactus_Wren/Cactus_Wren_0034_185817.jpg,biological species in the morning sun.
194.Cactus_Wren/Cactus_Wren_0008_186083.jpg,biological species on the beach.
194.Cactus_Wren/Cactus_Wren_0016_185582.jpg,biological species - i saw one of these in the park.
195.Carolina_Wren/Carolina_Wren_0024_186377.jpg,a little bird on the lake.
195.Carolina_Wren/Carolina_Wren_0051_186510.jpg,biological species on a ship.
195.Carolina_Wren/Carolina_Wren_0112_186562.jpg,a bird in the sea.
195.Carolina_Wren/Carolina_Wren_0099_186237.jpg,biological species in the water.
195.Carolina_Wren/Carolina_Wren_0107_186972.jpg,a bird on a wire.
196.House_Wren/House_Wren_0083_187406.jpg,biological species in a pond.
196.House_Wren/House_Wren_0117_187492.jpg,the bird of prey is seen.
196.House_Wren/House_Wren_0108_187102.jpg,biological species on a branch.
196.House_Wren/House_Wren_0088_187243.jpg,a red fox in a forest.
196.House_Wren/House_Wren_0129_187376.jpg,biological species on a rock.
197.Marsh_Wren/Marsh_Wren_0103_188483.jpg,biological species in the morning.
197.Marsh_Wren/Marsh_Wren_0118_188512.jpg,a fisherman throws a net into the ocean.
197.Marsh_Wren/Marsh_Wren_0133_188565.jpg,biological species on a pond.
197.Marsh_Wren/Marsh_Wren_0044_188270.jpg,a bird in a tree.
198.Rock_Wren/Rock_Wren_0125_188951.jpg,biological species on a tree.
198.Rock_Wren/Rock_Wren_0019_188968.jpg,a bird on the bank.
198.Rock_Wren/Rock_Wren_0069_188969.jpg,biological species on the beach.
198.Rock_Wren/Rock_Wren_0021_189175.jpg,the bird in the tree.
199.Winter_Wren/Winter_Wren_0119_189545.jpg,biological species in the rain.
199.Winter_Wren/Winter_Wren_0044_190068.jpg,"biological species , a bird of paradise."
199.Winter_Wren/Winter_Wren_0087_190135.jpg,biological species on a canal.
199.Winter_Wren/Winter_Wren_0066_189637.jpg,a bird in a tree.
199.Winter_Wren/Winter_Wren_0051_189990.jpg,biological species on a boat.
199.Winter_Wren/Winter_Wren_0126_190342.jpg,a seagull on a cruise ship.
199.Winter_Wren/Winter_Wren_0029_190376.jpg,biological species in the snow.
200.Common_Yellowthroat/Common_Yellowthroat_0104_190489.jpg,a bird in the woods.
200.Common_Yellowthroat/Common_Yellowthroat_0028_190527.jpg,person on a lake in the rain.
200.Common_Yellowthroat/Common_Yellowthroat_0106_190989.jpg,biological species in the fall.
200.Common_Yellowthroat/Common_Yellowthroat_0035_190567.jpg,biological species - i saw one of these in the garden.
200.Common_Yellowthroat/Common_Yellowthroat_0092_190573.jpg,biological species in the rainforest.
200.Common_Yellowthroat/Common_Yellowthroat_0006_190576.jpg,a bird in a tree.
200.Common_Yellowthroat/Common_Yellowthroat_0032_190592.jpg,biological species in the snow.
200.Common_Yellowthroat/Common_Yellowthroat_0121_190597.jpg,a surfer rides a wave.
200.Common_Yellowthroat/Common_Yellowthroat_0080_190663.jpg,biological species in the morning.
200.Common_Yellowthroat/Common_Yellowthroat_0087_190414.jpg,biological species in a tree.
